Learning Rate	Train Loss	Train Acc	Test Loss	Test Acc	Best Acc (Test).	Elasped(s)	EpochTime(s)	ETA(s)	VRAM_used(MB)	VRAM_total(MB)	VRAM_util(%)	VRAM_peak_alloc(MB)	VRAM_peak_reserved(MB)	
0.000100	0.144161	0.967885	0.346695	0.857760	0.857760	92.803955	92.803952	27748.382568	8374.312500	81920.000000	10.222549	6034.187988	7084.000000	
0.000100	0.022340	0.999029	0.332633	0.868037	0.868037	190.421352	89.405266	28372.781435	8374.312500	81920.000000	10.222549	6034.187988	7084.000000	
0.000100	0.013019	0.999306	0.340682	0.860226	0.868037	289.626981	91.147033	28673.071074	8374.312500	81920.000000	10.222549	6034.187988	7084.000000	
0.000100	0.008653	0.999584	0.336306	0.858787	0.868037	383.762484	89.301579	28398.423839	8374.312500	81920.000000	10.222549	6034.187988	7084.000000	
0.000100	0.006869	0.999723	0.335636	0.864543	0.868037	478.186468	89.608997	28213.001605	8374.312500	81920.000000	10.222549	6034.187988	7084.000000	
0.000100	0.004975	0.999931	0.355628	0.849949	0.868037	573.087212	89.709800	28081.273404	8374.312500	81920.000000	10.222549	6034.187988	7084.000000	
0.000100	0.004369	0.999861	0.364262	0.849538	0.868037	667.935656	89.799803	27957.878166	8374.312500	81920.000000	10.222549	6034.187988	7084.000000	
0.000100	0.003594	1.000000	0.376628	0.855293	0.868037	764.603185	91.093377	27908.016250	8374.312500	81920.000000	10.222549	6034.187988	7084.000000	
0.000100	0.003245	1.000000	0.352803	0.862898	0.868037	859.541326	89.965617	27791.836209	8374.312500	81920.000000	10.222549	6034.187988	7084.000000	
0.000100	0.002617	1.000000	0.376208	0.853649	0.868037	954.353890	89.857815	27676.262815	8374.312500	81920.000000	10.222549	6034.187988	7084.000000	
0.000100	0.002522	1.000000	0.376160	0.847893	0.868037	1048.273242	89.070308	27540.997007	8374.312500	81920.000000	10.222549	6034.187988	7084.000000	
0.000100	0.002187	1.000000	0.353363	0.858376	0.868037	1143.064632	89.574816	27433.551172	8374.312500	81920.000000	10.222549	6034.187988	7084.000000	
0.000100	0.002063	1.000000	0.382735	0.847688	0.868037	1237.664786	89.523133	27323.830272	8374.312500	81920.000000	10.222549	6034.187988	7084.000000	
0.000100	0.001951	0.999931	0.372231	0.859404	0.868037	1332.063044	89.215886	27212.145048	8374.312500	81920.000000	10.222549	6034.187988	7084.000000	
0.000100	0.001780	1.000000	0.388982	0.856115	0.868037	1427.613745	90.187957	27124.661150	8374.312500	81920.000000	10.222549	6034.187988	7084.000000	
0.000100	0.001582	1.000000	0.372470	0.852621	0.868037	1521.971018	89.323282	27014.985562	8374.312500	81920.000000	10.222549	6034.187988	7084.000000	
0.000100	0.001521	1.000000	0.387525	0.855087	0.868037	1617.208319	89.748256	26921.762015	8374.312500	81920.000000	10.222549	6034.187988	7084.000000	
0.000100	0.001508	1.000000	0.377886	0.859404	0.868037	1712.771711	90.307374	26833.423474	8374.312500	81920.000000	10.222549	6034.187988	7084.000000	
0.000100	0.001374	1.000000	0.385350	0.856115	0.868037	1809.410088	91.143577	26760.222874	8374.312500	81920.000000	10.222549	6034.187988	7084.000000	
0.000100	0.001242	1.000000	0.411321	0.847893	0.868037	1903.952383	89.442339	26655.333356	8374.312500	81920.000000	10.222549	6034.187988	7084.000000	
0.000100	0.001181	1.000000	0.409448	0.847276	0.868037	1998.763358	90.175385	26554.998901	8374.312500	81920.000000	10.222549	6034.187988	7084.000000	
0.000100	0.001130	1.000000	0.404825	0.854471	0.868037	2093.924048	90.424042	26459.585694	8374.312500	81920.000000	10.222549	6034.187988	7084.000000	
0.000100	0.001095	1.000000	0.373202	0.859198	0.868037	2188.899575	89.732541	26361.964444	8374.312500	81920.000000	10.222549	6034.187988	7084.000000	
0.000100	0.000994	1.000000	0.409776	0.848715	0.868037	2283.068547	89.313141	26255.288291	8374.312500	81920.000000	10.222549	6034.187988	7084.000000	
0.000100	0.000992	1.000000	0.391108	0.858787	0.868037	2377.257622	89.312824	26149.833842	8374.312500	81920.000000	10.222549	6034.187988	7084.000000	
0.000100	0.000965	1.000000	0.425589	0.848510	0.868037	2472.158779	89.897776	26052.750211	8374.312500	81920.000000	10.222549	6034.187988	7084.000000	
0.000100	0.000935	1.000000	0.389220	0.860432	0.868037	2567.842918	90.037620	25963.745064	8374.312500	81920.000000	10.222549	6034.187988	7084.000000	
0.000100	0.000894	1.000000	0.437930	0.845838	0.868037	2663.476050	90.919664	25873.767347	8374.312500	81920.000000	10.222549	6034.187988	7084.000000	
0.000100	0.000892	1.000000	0.446205	0.844399	0.868037	2757.609528	89.181883	25769.385585	8374.312500	81920.000000	10.222549	6034.187988	7084.000000	
0.000100	0.000834	1.000000	0.468798	0.845427	0.868037	2851.695376	89.144748	25665.258383	8374.312500	81920.000000	10.222549	6034.187988	7084.000000	
0.000100	0.000700	1.000000	0.465714	0.843371	0.868037	2948.010290	91.125723	25581.121550	8374.312500	81920.000000	10.222549	6034.187988	7084.000000	
0.000100	0.000692	1.000000	0.439493	0.844193	0.868037	3042.563283	89.602137	25481.467495	8374.312500	81920.000000	10.222549	6034.187988	7084.000000	
0.000100	0.000752	1.000000	0.475621	0.843988	0.868037	3138.475385	90.875957	25393.119024	8374.312500	81920.000000	10.222549	6034.187988	7084.000000	
0.000100	0.000744	1.000000	0.425979	0.845632	0.868037	3232.332129	88.926191	25288.245476	8374.312500	81920.000000	10.222549	6034.187988	7084.000000	
0.000100	0.000670	1.000000	0.446920	0.850976	0.868037	3326.894766	89.628049	25189.346084	8374.312500	81920.000000	10.222549	6034.187988	7084.000000	
0.000100	0.000718	1.000000	0.423016	0.853649	0.868037	3420.897559	89.180225	25086.582097	8374.312500	81920.000000	10.222549	6034.187988	7084.000000	
0.000100	0.000640	1.000000	0.441231	0.855087	0.868037	3516.823034	90.385406	24997.958323	8374.312500	81920.000000	10.222549	6034.187988	7084.000000	
0.000100	0.000656	1.000000	0.479547	0.842549	0.868037	3611.162457	89.424758	24898.014833	8374.312500	81920.000000	10.222549	6034.187988	7084.000000	
0.000100	0.000579	1.000000	0.423637	0.851593	0.868037	3705.925216	89.806549	24801.191833	8374.312500	81920.000000	10.222549	6034.187988	7084.000000	
0.000100	0.000665	1.000000	0.439564	0.850154	0.868037	3801.100347	90.202662	24707.152256	8374.312500	81920.000000	10.222549	6034.187988	7084.000000	
0.000100	0.000597	1.000000	0.453598	0.844810	0.868037	3894.817558	88.736133	24603.847498	8374.312500	81920.000000	10.222549	6034.187988	7084.000000	
0.000100	0.000592	1.000000	0.449263	0.846660	0.868037	3990.212026	89.820126	24511.302443	8374.312500	81920.000000	10.222549	6034.187988	7084.000000	
0.000100	0.000502	1.000000	0.451910	0.845838	0.868037	4084.700120	89.120156	24413.207697	8374.312500	81920.000000	10.222549	6034.187988	7084.000000	
0.000100	0.000536	1.000000	0.504200	0.840493	0.868037	4179.460766	89.355092	24316.862636	8374.312500	81920.000000	10.222549	6034.187988	7084.000000	
0.000100	0.000544	1.000000	0.497514	0.841727	0.868037	4273.705814	89.349150	24217.666280	8374.312500	81920.000000	10.222549	6034.187988	7084.000000	
0.000100	0.000464	1.000000	0.470657	0.846454	0.868037	4368.470157	89.562671	24121.552607	8374.312500	81920.000000	10.222549	6034.187988	7084.000000	
0.000100	0.000504	1.000000	0.451155	0.845838	0.868037	4463.581418	90.160807	24027.363805	8374.312500	81920.000000	10.222549	6034.187988	7084.000000	
0.000100	0.000501	1.000000	0.448854	0.849538	0.868037	4557.817728	89.208615	23928.543070	8374.312500	81920.000000	10.222549	6034.187988	7084.000000	
0.000100	0.000467	1.000000	0.475353	0.843782	0.868037	4652.761042	89.543949	23833.531050	8374.312500	81920.000000	10.222549	6034.187988	7084.000000	
0.000100	0.000456	1.000000	0.478689	0.846660	0.868037	4747.731146	89.461558	23738.655729	8374.312500	81920.000000	10.222549	6034.187988	7084.000000	
0.000100	0.000399	1.000000	0.462159	0.847276	0.868037	4842.875851	90.075487	23644.629153	8374.312500	81920.000000	10.222549	6034.187988	7084.000000	
0.000100	0.000461	1.000000	0.498979	0.843371	0.868037	4937.655436	89.846739	23548.818231	8374.312500	81920.000000	10.222549	6034.187988	7084.000000	
0.000100	0.000407	1.000000	0.487741	0.843782	0.868037	5034.322717	91.150490	23461.843604	8374.312500	81920.000000	10.222549	6034.187988	7084.000000	
0.000100	0.000488	1.000000	0.497997	0.843577	0.868037	5128.655445	89.089422	23363.874804	8374.312500	81920.000000	10.222549	6034.187988	7084.000000	
0.000100	0.000405	1.000000	0.489955	0.841521	0.868037	5224.208421	90.409084	23271.473874	8374.312500	81920.000000	10.222549	6034.187988	7084.000000	
0.000100	0.000394	1.000000	0.492733	0.849332	0.868037	5318.693236	89.527842	23174.306242	8374.312500	81920.000000	10.222549	6034.187988	7084.000000	
0.000100	0.000379	1.000000	0.485085	0.841727	0.868037	5412.810515	89.153930	23075.665880	8374.312500	81920.000000	10.222549	6034.187988	7084.000000	
0.000100	0.000361	1.000000	0.494988	0.839466	0.868037	5508.775853	91.036360	22984.892354	8374.312500	81920.000000	10.222549	6034.187988	7084.000000	
0.000100	0.000371	1.000000	0.488193	0.842138	0.868037	5604.316079	90.182425	22892.206355	8374.312500	81920.000000	10.222549	6034.187988	7084.000000	
0.000100	0.000368	1.000000	0.475453	0.847071	0.868037	5699.130029	89.866750	22796.520118	8374.312500	81920.000000	10.222549	6034.187988	7084.000000	
0.000100	0.000377	1.000000	0.461366	0.853032	0.868037	5793.576073	89.518008	22699.421006	8374.312500	81920.000000	10.222549	6034.187988	7084.000000	
0.000100	0.000356	1.000000	0.503245	0.842960	0.868037	5888.196465	89.679320	22603.076754	8374.312500	81920.000000	10.222549	6034.187988	7084.000000	
0.000100	0.000481	0.999931	0.478370	0.849332	0.868037	5982.123183	88.947857	22504.177688	8374.312500	81920.000000	10.222549	6034.187988	7084.000000	
0.000100	0.000374	1.000000	0.508087	0.841521	0.868037	6076.918077	89.835700	22408.635411	8374.312500	81920.000000	10.222549	6034.187988	7084.000000	
0.000100	0.000315	1.000000	0.509331	0.839877	0.868037	6171.172571	89.303651	22311.162373	8374.312500	81920.000000	10.222549	6034.187988	7084.000000	
0.000100	0.000336	1.000000	0.490871	0.847482	0.868037	6266.407706	90.286772	22217.263683	8374.312500	81920.000000	10.222549	6034.187988	7084.000000	
0.000100	0.000367	1.000000	0.504992	0.838027	0.868037	6360.738883	89.401775	22120.181490	8374.312500	81920.000000	10.222549	6034.187988	7084.000000	
0.000100	0.000334	1.000000	0.483735	0.842549	0.868037	6455.915331	90.235819	22026.064072	8374.312500	81920.000000	10.222549	6034.187988	7084.000000	
0.000100	0.000340	1.000000	0.502356	0.839877	0.868037	6552.036343	90.544321	21935.078193	8374.312500	81920.000000	10.222549	6034.187988	7084.000000	
0.000100	0.000339	1.000000	0.497268	0.844193	0.868037	6645.932997	88.988106	21836.636989	8374.312500	81920.000000	10.222549	6034.187988	7084.000000	
0.000100	0.000350	1.000000	0.480468	0.847071	0.868037	6739.744970	88.988641	21738.050677	8374.312500	81920.000000	10.222549	6034.187988	7084.000000	
0.000100	0.000320	1.000000	0.513782	0.841110	0.868037	6834.329015	89.513750	21642.041879	8374.312500	81920.000000	10.222549	6034.187988	7084.000000	
0.000100	0.000289	1.000000	0.522139	0.831655	0.868037	6928.088351	88.950177	21543.507612	8374.312500	81920.000000	10.222549	6034.187988	7084.000000	
0.000100	0.000271	1.000000	0.515583	0.841521	0.868037	7022.895382	89.984899	21448.302113	8374.312500	81920.000000	10.222549	6034.187988	7084.000000	
0.000100	0.000294	1.000000	0.508080	0.841521	0.868037	7118.390934	90.121777	21355.172803	8374.312500	81920.000000	10.222549	6034.187988	7084.000000	
0.000100	0.000279	1.000000	0.526459	0.840699	0.868037	7212.542055	89.305065	21258.018689	8374.312500	81920.000000	10.222549	6034.187988	7084.000000	
0.000100	0.000271	1.000000	0.528107	0.840493	0.868037	7306.068678	88.673664	21159.133964	8374.312500	81920.000000	10.222549	6034.187988	7084.000000	
0.000100	0.000319	1.000000	0.534587	0.841316	0.868037	7401.428850	90.089261	21065.605188	8374.312500	81920.000000	10.222549	6034.187988	7084.000000	
0.000100	0.000280	1.000000	0.525126	0.841316	0.868037	7496.981575	90.601954	20972.568710	8374.312500	81920.000000	10.222549	6034.187988	7084.000000	
0.000100	0.000242	1.000000	0.511218	0.841316	0.868037	7591.759606	89.794188	20877.338916	8374.312500	81920.000000	10.222549	6034.187988	7084.000000	
0.000100	0.000243	1.000000	0.530197	0.840699	0.868037	7686.912666	89.680405	20783.134246	8374.312500	81920.000000	10.222549	6034.187988	7084.000000	
0.000100	0.000276	1.000000	0.494387	0.843782	0.868037	7781.342996	89.532112	20686.985039	8374.312500	81920.000000	10.222549	6034.187988	7084.000000	
0.000100	0.000245	1.000000	0.534859	0.835355	0.868037	7875.627237	89.109714	20590.495307	8374.312500	81920.000000	10.222549	6034.187988	7084.000000	
0.000100	0.000265	1.000000	0.524112	0.841110	0.868037	7969.463797	88.483273	20492.906907	8374.312500	81920.000000	10.222549	6034.187988	7084.000000	
0.000100	0.000257	1.000000	0.543338	0.837616	0.868037	8064.812700	90.077467	20399.232122	8374.312500	81920.000000	10.222549	6034.187988	7084.000000	
0.000100	0.000285	1.000000	0.523604	0.838438	0.868037	8160.381367	90.755430	20306.065263	8374.312500	81920.000000	10.222549	6034.187988	7084.000000	
0.000100	0.000287	1.000000	0.517830	0.842549	0.868037	8255.051888	89.828285	20210.644277	8374.312500	81920.000000	10.222549	6034.187988	7084.000000	
0.000100	0.000266	1.000000	0.505947	0.845221	0.868037	8350.674193	90.602515	20117.533283	8374.312500	81920.000000	10.222549	6034.187988	7084.000000	
0.000100	0.000253	1.000000	0.520229	0.841110	0.868037	8446.732078	90.677600	20025.398523	8374.312500	81920.000000	10.222549	6034.187988	7084.000000	
0.000100	0.000249	1.000000	0.521263	0.843165	0.868037	8541.683011	89.983003	19930.593692	8374.312500	81920.000000	10.222549	6034.187988	7084.000000	
0.000100	0.000199	1.000000	0.529559	0.840493	0.868037	8635.832925	88.871316	19833.945949	8374.312500	81920.000000	10.222549	6034.187988	7084.000000	
0.000100	0.000246	1.000000	0.525923	0.841521	0.868037	8730.554322	89.670302	19738.644554	8374.312500	81920.000000	10.222549	6034.187988	7084.000000	
0.000100	0.000244	1.000000	0.548822	0.837821	0.868037	8825.396688	89.784389	19643.624885	8374.312500	81920.000000	10.222549	6034.187988	7084.000000	
0.000100	0.000238	1.000000	0.543078	0.839054	0.868037	8921.483930	90.808571	19551.337123	8374.312500	81920.000000	10.222549	6034.187988	7084.000000	
0.000100	0.000262	1.000000	0.527907	0.847276	0.868037	9016.057726	89.613649	19455.703514	8374.312500	81920.000000	10.222549	6034.187988	7084.000000	
0.000100	0.000267	1.000000	0.526760	0.843371	0.868037	9110.356297	89.194821	19359.507130	8374.312500	81920.000000	10.222549	6034.187988	7084.000000	
0.000100	0.000200	1.000000	0.546313	0.839671	0.868037	9205.223238	89.923643	19264.539353	8374.312500	81920.000000	10.222549	6034.187988	7084.000000	
0.000100	0.000192	1.000000	0.511872	0.845427	0.868037	9300.182271	89.972021	19169.763458	8374.312500	81920.000000	10.222549	6034.187988	7084.000000	
0.000100	0.000206	1.000000	0.537239	0.841932	0.868037	9395.186859	89.441236	19075.076350	8374.312500	81920.000000	10.222549	6034.187988	7084.000000	
0.000100	0.000208	1.000000	0.511263	0.842138	0.868037	9489.694555	89.558677	18979.389111	8374.312500	81920.000000	10.222549	6034.187988	7084.000000	
0.000100	0.000207	1.000000	0.523989	0.841932	0.868037	9583.587915	88.826461	18882.514804	8374.312500	81920.000000	10.222549	6034.187988	7084.000000	
0.000100	0.000171	1.000000	0.536644	0.841727	0.868037	9678.726421	90.189795	18788.115993	8374.312500	81920.000000	10.222549	6034.187988	7084.000000	
0.000100	0.000235	1.000000	0.494763	0.846454	0.868037	9773.407211	89.493973	18692.827383	8374.312500	81920.000000	10.222549	6034.187988	7084.000000	
0.000100	0.000178	1.000000	0.505073	0.845838	0.868037	9867.959655	89.356887	18597.308581	8374.312500	81920.000000	10.222549	6034.187988	7084.000000	
0.000100	0.000173	1.000000	0.546722	0.837821	0.868037	9963.441392	90.464776	18503.534013	8374.312500	81920.000000	10.222549	6034.187988	7084.000000	
0.000100	0.000239	1.000000	0.568145	0.849743	0.868037	10057.719465	89.395504	18407.524305	8374.312500	81920.000000	10.222549	6034.187988	7084.000000	
0.000100	0.000235	1.000000	0.545377	0.843782	0.868037	10153.176206	90.205649	18313.672969	8374.312500	81920.000000	10.222549	6034.187988	7084.000000	
0.000100	0.000178	1.000000	0.539050	0.840288	0.868037	10247.205557	89.139410	18217.254323	8374.312500	81920.000000	10.222549	6034.187988	7084.000000	
0.000100	0.000175	1.000000	0.496462	0.848715	0.868037	10341.564736	89.386647	18121.457474	8374.312500	81920.000000	10.222549	6034.187988	7084.000000	
0.000100	0.000165	1.000000	0.553947	0.836793	0.868037	10436.030395	89.560748	18025.870683	8374.312500	81920.000000	10.222549	6034.187988	7084.000000	
0.000100	0.000190	1.000000	0.546049	0.836999	0.868037	10530.419980	89.313421	17930.174561	8374.312500	81920.000000	10.222549	6034.187988	7084.000000	
0.000100	0.000173	1.000000	0.518020	0.843165	0.868037	10624.927123	89.555029	17834.699100	8374.312500	81920.000000	10.222549	6034.187988	7084.000000	
0.000100	0.000170	1.000000	0.568312	0.834327	0.868037	10719.354151	89.281112	17739.108196	8374.312500	81920.000000	10.222549	6034.187988	7084.000000	
0.000100	0.000169	1.000000	0.576026	0.840699	0.868037	10816.286603	91.208601	17647.625511	8374.312500	81920.000000	10.222549	6034.187988	7084.000000	
0.000100	0.000188	1.000000	0.573284	0.833916	0.868037	10910.914914	89.396843	17552.341384	8374.312500	81920.000000	10.222549	6034.187988	7084.000000	
0.000100	0.000172	1.000000	0.547570	0.835560	0.868037	11005.510560	89.492991	17457.016751	8374.312500	81920.000000	10.222549	6034.187988	7084.000000	
0.000100	0.000150	1.000000	0.521016	0.842343	0.868037	11099.869313	89.121744	17361.334053	8374.312500	81920.000000	10.222549	6034.187988	7084.000000	
0.000100	0.000187	1.000000	0.548002	0.834738	0.868037	11194.120367	89.159266	17265.507685	8374.312500	81920.000000	10.222549	6034.187988	7084.000000	
0.000100	0.000186	1.000000	0.534876	0.840904	0.868037	11289.355767	89.974786	17171.204991	8374.312500	81920.000000	10.222549	6034.187988	7084.000000	
0.000100	0.000187	1.000000	0.525581	0.843371	0.868037	11383.754047	89.019553	17075.631071	8374.312500	81920.000000	10.222549	6034.187988	7084.000000	
0.000100	0.000212	1.000000	0.531669	0.842549	0.868037	11481.260846	92.225762	16984.675136	8374.312500	81920.000000	10.222549	6034.187988	7084.000000	
0.000100	0.000159	1.000000	0.529156	0.843165	0.868037	11577.469213	90.577198	16891.717377	8374.312500	81920.000000	10.222549	6034.187988	7084.000000	
0.000100	0.000174	1.000000	0.554527	0.833710	0.868037	11672.012523	89.467602	16796.310703	8374.312500	81920.000000	10.222549	6034.187988	7084.000000	
0.000100	0.000172	1.000000	0.532269	0.839877	0.868037	11766.556495	89.485072	16700.918896	8374.312500	81920.000000	10.222549	6034.187988	7084.000000	
0.000100	0.000167	1.000000	0.523124	0.844193	0.868037	11861.890677	90.276664	16606.646948	8374.312500	81920.000000	10.222549	6034.187988	7084.000000	
0.000100	0.000153	1.000000	0.517582	0.842960	0.868037	11956.908658	89.698229	16511.921480	8374.312500	81920.000000	10.222549	6034.187988	7084.000000	
0.000100	0.000167	1.000000	0.552805	0.844604	0.868037	12051.484472	89.089709	16416.589084	8374.312500	81920.000000	10.222549	6034.187988	7084.000000	
0.000100	0.000167	1.000000	0.540149	0.839877	0.868037	12145.850749	89.454408	16320.986944	8374.312500	81920.000000	10.222549	6034.187988	7084.000000	
0.000100	0.000163	1.000000	0.570492	0.832271	0.868037	12240.692541	89.866236	16226.034298	8374.312500	81920.000000	10.222549	6034.187988	7084.000000	
0.000100	0.000175	1.000000	0.528637	0.843371	0.868037	12334.735311	89.130672	16130.038483	8374.312500	81920.000000	10.222549	6034.187988	7084.000000	
0.000100	0.000151	1.000000	0.545088	0.839260	0.868037	12428.555197	88.922084	16033.784948	8374.312500	81920.000000	10.222549	6034.187988	7084.000000	
0.000100	0.000165	1.000000	0.549737	0.837410	0.868037	12524.712552	90.217731	15940.543247	8374.312500	81920.000000	10.222549	6034.187988	7084.000000	
0.000100	0.000171	1.000000	0.571981	0.838643	0.868037	12620.117373	89.911014	15846.312792	8374.312500	81920.000000	10.222549	6034.187988	7084.000000	
0.000100	0.000164	1.000000	0.547138	0.841316	0.868037	12715.327971	89.636606	15751.824203	8374.312500	81920.000000	10.222549	6034.187988	7084.000000	
0.000100	0.000149	1.000000	0.570996	0.839260	0.868037	12809.891763	89.300401	15656.534377	8374.312500	81920.000000	10.222549	6034.187988	7084.000000	
0.000100	0.000168	1.000000	0.557596	0.840904	0.868037	12904.845767	89.330636	15561.725778	8374.312500	81920.000000	10.222549	6034.187988	7084.000000	
0.000100	0.000149	1.000000	0.543183	0.841521	0.868037	13000.419515	90.305355	15467.652415	8374.312500	81920.000000	10.222549	6034.187988	7084.000000	
0.000100	0.000139	1.000000	0.535182	0.844810	0.868037	13095.197414	89.354727	15372.623051	8374.312500	81920.000000	10.222549	6034.187988	7084.000000	
0.000100	0.000144	1.000000	0.567904	0.833710	0.868037	13191.766912	91.057950	15279.672466	8374.312500	81920.000000	10.222549	6034.187988	7084.000000	
0.000100	0.000167	1.000000	0.572593	0.843165	0.868037	13286.413485	89.444141	15184.472554	8374.312500	81920.000000	10.222549	6034.187988	7084.000000	
0.000100	0.000158	1.000000	0.531737	0.841932	0.868037	13381.245973	89.435396	15089.490140	8374.312500	81920.000000	10.222549	6034.187988	7084.000000	
0.000100	0.000145	1.000000	0.563111	0.831655	0.868037	13474.448412	88.348878	14992.696121	8374.312500	81920.000000	10.222549	6034.187988	7084.000000	
0.000100	0.000166	1.000000	0.595113	0.835355	0.868037	13568.996268	89.556709	14897.429469	8374.312500	81920.000000	10.222549	6034.187988	7084.000000	
0.000100	0.000158	1.000000	0.562915	0.838027	0.868037	13663.513689	89.640628	14802.139830	8374.312500	81920.000000	10.222549	6034.187988	7084.000000	
0.000100	0.000122	1.000000	0.569234	0.843577	0.868037	13757.679239	89.320854	14706.484704	8374.312500	81920.000000	10.222549	6034.187988	7084.000000	
0.000100	0.000137	1.000000	0.553305	0.840699	0.868037	13852.639635	90.031277	14611.688382	8374.312500	81920.000000	10.222549	6034.187988	7084.000000	
0.000100	0.000160	1.000000	0.570434	0.838438	0.868037	13947.275570	89.786354	14516.552124	8374.312500	81920.000000	10.222549	6034.187988	7084.000000	
0.000100	0.000132	1.000000	0.571556	0.834738	0.868037	14040.548937	88.395927	14420.023232	8374.312500	81920.000000	10.222549	6034.187988	7084.000000	
0.000100	0.000128	1.000000	0.546196	0.840082	0.868037	14134.699317	88.576153	14324.426825	8374.312500	81920.000000	10.222549	6034.187988	7084.000000	
0.000100	0.000149	1.000000	0.550360	0.830627	0.868037	14230.796186	91.075680	14230.796186	8374.312500	81920.000000	10.222549	6034.187988	7084.000000	
0.000100	0.000159	1.000000	0.534036	0.828777	0.868037	14325.409755	89.652988	14135.669228	8374.312500	81920.000000	10.222549	6034.187988	7084.000000	
0.000100	0.000124	1.000000	0.512413	0.840699	0.868037	14419.919350	89.439817	14040.447788	8374.312500	81920.000000	10.222549	6034.187988	7084.000000	
0.000100	0.000136	1.000000	0.555799	0.833710	0.868037	14513.141328	88.377949	13943.998531	8374.312500	81920.000000	10.222549	6034.187988	7084.000000	
0.000100	0.000141	1.000000	0.520307	0.837410	0.868037	14608.674258	90.548407	13849.782088	8374.312500	81920.000000	10.222549	6034.187988	7084.000000	
0.000100	0.000152	1.000000	0.516615	0.837616	0.868037	14703.429456	89.628303	13754.821104	8374.312500	81920.000000	10.222549	6034.187988	7084.000000	
0.000100	0.000132	1.000000	0.525723	0.836793	0.868037	14800.125091	91.610529	13661.653930	8374.312500	81920.000000	10.222549	6034.187988	7084.000000	
0.000100	0.000144	1.000000	0.587534	0.828160	0.868037	14895.592887	89.879567	13567.323458	8374.312500	81920.000000	10.222549	6034.187988	7084.000000	
0.000100	0.000154	1.000000	0.506059	0.843782	0.868037	14990.580556	90.017734	13472.547082	8374.312500	81920.000000	10.222549	6034.187988	7084.000000	
0.000100	0.000165	1.000000	0.551653	0.839054	0.868037	15085.943326	90.420106	13378.100685	8374.312500	81920.000000	10.222549	6034.187988	7084.000000	
0.000100	0.000122	1.000000	0.535590	0.841932	0.868037	15181.657080	90.043511	13283.949945	8374.312500	81920.000000	10.222549	6034.187988	7084.000000	
0.000100	0.000145	1.000000	0.597953	0.826105	0.868037	15275.712319	89.087762	13188.347902	8374.312500	81920.000000	10.222549	6034.187988	7084.000000	
0.000100	0.000125	1.000000	0.530331	0.844604	0.868037	15371.353589	90.594166	13094.116020	8374.312500	81920.000000	10.222549	6034.187988	7084.000000	
0.000100	0.000117	1.000000	0.554826	0.841521	0.868037	15466.599138	90.080299	12999.534244	8374.312500	81920.000000	10.222549	6034.187988	7084.000000	
0.000100	0.000109	1.000000	0.514900	0.847276	0.868037	15561.472359	89.869495	12904.635615	8374.312500	81920.000000	10.222549	6034.187988	7084.000000	
0.000100	0.000153	1.000000	0.551047	0.837616	0.868037	15656.237856	89.848066	12809.649155	8374.312500	81920.000000	10.222549	6034.187988	7084.000000	
0.000100	0.000130	1.000000	0.543160	0.843577	0.868037	15753.169290	91.287688	12716.413764	8374.312500	81920.000000	10.222549	6034.187988	7084.000000	
0.000100	0.000121	1.000000	0.552492	0.837821	0.868037	15849.407924	91.005448	12622.582358	8374.312500	81920.000000	10.222549	6034.187988	7084.000000	
0.000100	0.000139	1.000000	0.547995	0.841727	0.868037	15946.240010	91.686508	12529.188580	8374.312500	81920.000000	10.222549	6034.187988	7084.000000	
0.000100	0.000136	1.000000	0.551194	0.838438	0.868037	16041.866550	90.239847	12434.819634	8374.312500	81920.000000	10.222549	6034.187988	7084.000000	
0.000100	0.000110	1.000000	0.572661	0.837410	0.868037	16138.362082	91.223665	12341.100416	8374.312500	81920.000000	10.222549	6034.187988	7084.000000	
0.000100	0.000138	1.000000	0.585912	0.834121	0.868037	16235.129306	91.516862	12247.553687	8374.312500	81920.000000	10.222549	6034.187988	7084.000000	
0.000100	0.000113	1.000000	0.590741	0.832888	0.868037	16332.394738	91.394059	12154.340270	8374.312500	81920.000000	10.222549	6034.187988	7084.000000	
0.000100	0.000120	1.000000	0.571304	0.838849	0.868037	16428.951001	91.292253	12060.559405	8374.312500	81920.000000	10.222549	6034.187988	7084.000000	
0.000100	0.000154	1.000000	0.578758	0.835766	0.868037	16524.660467	90.467874	11966.133442	8374.312500	81920.000000	10.222549	6034.187988	7084.000000	
0.000100	0.000122	1.000000	0.606091	0.832888	0.868037	16619.253425	89.241636	11870.895304	8374.312500	81920.000000	10.222549	6034.187988	7084.000000	
0.000100	0.000126	1.000000	0.559408	0.839054	0.868037	16713.334023	88.941867	11775.303516	8374.312500	81920.000000	10.222549	6034.187988	7084.000000	
0.000100	0.000124	1.000000	0.537555	0.843782	0.868037	16806.759380	88.319351	11679.273467	8374.312500	81920.000000	10.222549	6034.187988	7084.000000	
0.000100	0.000124	1.000000	0.598949	0.831655	0.868037	16901.194162	89.268421	11583.964538	8374.312500	81920.000000	10.222549	6034.187988	7084.000000	
0.000100	0.000173	1.000000	0.568739	0.842549	0.868037	16997.388294	91.081853	11489.854657	8374.312500	81920.000000	10.222549	6034.187988	7084.000000	
0.000100	0.000113	1.000000	0.587905	0.838438	0.868037	17090.880711	88.465291	11393.920474	8374.312500	81920.000000	10.222549	6034.187988	7084.000000	
0.000100	0.000132	1.000000	0.615229	0.837410	0.868037	17184.982807	88.955997	11298.414111	8374.312500	81920.000000	10.222549	6034.187988	7084.000000	
0.000100	0.000111	1.000000	0.592716	0.834532	0.868037	17281.315904	90.891925	11204.369652	8374.312500	81920.000000	10.222549	6034.187988	7084.000000	
0.000100	0.000126	1.000000	0.569202	0.840082	0.868037	17374.902814	88.588538	11108.544422	8374.312500	81920.000000	10.222549	6034.187988	7084.000000	
0.000100	0.000138	1.000000	0.612882	0.833505	0.868037	17469.315985	89.375844	11013.264425	8374.312500	81920.000000	10.222549	6034.187988	7084.000000	
0.000100	0.000097	1.000000	0.573349	0.837821	0.868037	17563.726503	89.356534	10917.992150	8374.312500	81920.000000	10.222549	6034.187988	7084.000000	
0.000100	0.000120	1.000000	0.576163	0.833710	0.868037	17659.275519	90.438063	10823.426931	8374.312500	81920.000000	10.222549	6034.187988	7084.000000	
0.000100	0.000111	1.000000	0.580893	0.834121	0.868037	17753.079951	88.871901	10727.796976	8374.312500	81920.000000	10.222549	6034.187988	7084.000000	
0.000100	0.000116	1.000000	0.569184	0.836999	0.868037	17848.182717	90.075352	10632.959917	8374.312500	81920.000000	10.222549	6034.187988	7084.000000	
0.000100	0.000100	1.000000	0.595153	0.826927	0.868037	17942.153965	88.970448	10537.455503	8374.312500	81920.000000	10.222549	6034.187988	7084.000000	
0.000100	0.000102	1.000000	0.571028	0.838027	0.868037	18035.310727	88.188651	10441.495684	8374.312500	81920.000000	10.222549	6034.187988	7084.000000	
0.000100	0.000115	1.000000	0.607201	0.831244	0.868037	18130.941832	90.496259	10346.977276	8374.312500	81920.000000	10.222549	6034.187988	7084.000000	
0.000100	0.000109	1.000000	0.584336	0.842549	0.868037	18225.424447	89.489654	10251.801252	8374.312500	81920.000000	10.222549	6034.187988	7084.000000	
0.000100	0.000109	1.000000	0.591605	0.833710	0.868037	18320.044948	89.296496	10156.708857	8374.312500	81920.000000	10.222549	6034.187988	7084.000000	
0.000100	0.000118	1.000000	0.551561	0.834121	0.868037	18414.705650	89.169818	10061.643293	8374.312500	81920.000000	10.222549	6034.187988	7084.000000	
0.000100	0.000111	1.000000	0.590122	0.829188	0.868037	18509.863600	90.020339	9966.849631	8374.312500	81920.000000	10.222549	6034.187988	7084.000000	
0.000100	0.000094	1.000000	0.595238	0.835560	0.868037	18605.606633	90.114335	9872.362703	8374.312500	81920.000000	10.222549	6034.187988	7084.000000	
0.000100	0.000111	1.000000	0.583368	0.839877	0.868037	18699.425465	88.718280	9776.856969	8374.312500	81920.000000	10.222549	6034.187988	7084.000000	
0.000100	0.000117	1.000000	0.603806	0.840493	0.868037	18795.455319	90.937351	9682.507286	8374.312500	81920.000000	10.222549	6034.187988	7084.000000	
0.000100	0.000127	1.000000	0.544413	0.844399	0.868037	18889.584780	88.981418	9587.176195	8374.312500	81920.000000	10.222549	6034.187988	7084.000000	
0.000100	0.000089	1.000000	0.560306	0.842343	0.868037	18983.993128	89.343064	9491.996564	8374.312500	81920.000000	10.222549	6034.187988	7084.000000	
0.000100	0.000091	1.000000	0.561564	0.841521	0.868037	19078.551711	89.498851	9396.898604	8374.312500	81920.000000	10.222549	6034.187988	7084.000000	
0.000100	0.000108	1.000000	0.595001	0.833299	0.868037	19173.461571	89.880838	9301.976406	8374.312500	81920.000000	10.222549	6034.187988	7084.000000	
0.000100	0.000112	1.000000	0.567472	0.842960	0.868037	19268.671622	89.261360	9207.197770	8374.312500	81920.000000	10.222549	6034.187988	7084.000000	
0.000100	0.000172	1.000000	0.569233	0.843371	0.868037	19364.935985	91.054447	9112.911052	8374.312500	81920.000000	10.222549	6034.187988	7084.000000	
0.000100	0.000106	1.000000	0.606044	0.835560	0.868037	19459.596707	89.704577	9017.861888	8374.312500	81920.000000	10.222549	6034.187988	7084.000000	
0.000100	0.000089	1.000000	0.597868	0.834738	0.868037	19554.298975	89.382382	8922.835455	8374.312500	81920.000000	10.222549	6034.187988	7084.000000	
0.000100	0.000132	1.000000	0.581739	0.841521	0.868037	19648.899616	89.090972	8827.766494	8374.312500	81920.000000	10.222549	6034.187988	7084.000000	
0.000100	0.000112	1.000000	0.580269	0.836588	0.868037	19744.071280	89.657913	8732.954605	8374.312500	81920.000000	10.222549	6034.187988	7084.000000	
0.000100	0.000109	1.000000	0.591029	0.831244	0.868037	19838.446594	89.136763	8637.792536	8374.312500	81920.000000	10.222549	6034.187988	7084.000000	
0.000100	0.000105	1.000000	0.626556	0.827955	0.868037	19933.578022	89.829482	8542.962010	8374.312500	81920.000000	10.222549	6034.187988	7084.000000	
0.000100	0.000100	1.000000	0.568522	0.836588	0.868037	20030.117785	91.261124	8448.722667	8374.312500	81920.000000	10.222549	6034.187988	7084.000000	
0.000100	0.000089	1.000000	0.633028	0.815211	0.868037	20124.756696	89.613829	8353.672591	8374.312500	81920.000000	10.222549	6034.187988	7084.000000	
0.000100	0.000110	1.000000	0.584730	0.835971	0.868037	20219.223854	89.494895	8258.556222	8374.312500	81920.000000	10.222549	6034.187988	7084.000000	
0.000100	0.000087	1.000000	0.594394	0.832682	0.868037	20314.464687	89.878982	8163.756837	8374.312500	81920.000000	10.222549	6034.187988	7084.000000	
0.000100	0.000089	1.000000	0.603549	0.832477	0.868037	20408.844347	89.217497	8068.612881	8374.312500	81920.000000	10.222549	6034.187988	7084.000000	
0.000100	0.000084	1.000000	0.611640	0.831038	0.868037	20503.330093	89.199342	7973.517259	8374.312500	81920.000000	10.222549	6034.187988	7084.000000	
0.000100	0.000098	1.000000	0.617166	0.829805	0.868037	20598.102981	89.313126	7878.537085	8374.312500	81920.000000	10.222549	6034.187988	7084.000000	
0.000100	0.000099	1.000000	0.632710	0.825694	0.868037	20693.402198	90.282789	7783.756790	8374.312500	81920.000000	10.222549	6034.187988	7084.000000	
0.000100	0.000102	1.000000	0.609350	0.832271	0.868037	20788.519479	90.135464	7688.904465	8374.312500	81920.000000	10.222549	6034.187988	7084.000000	
0.000100	0.000129	1.000000	0.603901	0.835355	0.868037	20883.203844	89.725407	7593.892307	8374.312500	81920.000000	10.222549	6034.187988	7084.000000	
0.000100	0.000112	1.000000	0.611369	0.831038	0.868037	20977.718674	89.258365	7498.822512	8374.312500	81920.000000	10.222549	6034.187988	7084.000000	
0.000100	0.000072	1.000000	0.605980	0.833916	0.868037	21073.930231	91.053020	7404.353865	8374.312500	81920.000000	10.222549	6034.187988	7084.000000	
0.000100	0.000094	1.000000	0.630111	0.830832	0.868037	21167.115028	88.155174	7308.824472	8374.312500	81920.000000	10.222549	6034.187988	7084.000000	
0.000100	0.000085	1.000000	0.630830	0.828571	0.868037	21262.838616	90.741401	7214.177387	8374.312500	81920.000000	10.222549	6034.187988	7084.000000	
0.000100	0.000087	1.000000	0.631438	0.833094	0.868037	21356.935388	89.115573	7118.978463	8374.312500	81920.000000	10.222549	6034.187988	7084.000000	
0.000100	0.000088	1.000000	0.630321	0.841110	0.868037	21452.073401	90.157639	7024.130229	8374.312500	81920.000000	10.222549	6034.187988	7084.000000	
0.000100	0.000107	1.000000	0.625474	0.832682	0.868037	21547.643805	90.164084	6929.418492	8374.312500	81920.000000	10.222549	6034.187988	7084.000000	
0.000100	0.000104	1.000000	0.679347	0.833916	0.868037	21642.341084	89.594246	6834.423500	8374.312500	81920.000000	10.222549	6034.187988	7084.000000	
0.000100	0.000073	1.000000	0.672495	0.828777	0.868037	21736.565520	89.219836	6739.284506	8374.312500	81920.000000	10.222549	6034.187988	7084.000000	
0.000100	0.000075	1.000000	0.606250	0.836793	0.868037	21830.676467	89.182846	6644.118925	8374.312500	81920.000000	10.222549	6034.187988	7084.000000	
0.000100	0.000077	1.000000	0.638823	0.823227	0.868037	21925.255511	89.364168	6549.102296	8374.312500	81920.000000	10.222549	6034.187988	7084.000000	
0.000100	0.000092	1.000000	0.600780	0.836588	0.868037	22019.684848	89.487245	6454.045559	8374.312500	81920.000000	10.222549	6034.187988	7084.000000	
0.000100	0.000079	1.000000	0.649366	0.822199	0.868037	22113.628565	88.981405	6358.854566	8374.312500	81920.000000	10.222549	6034.187988	7084.000000	
0.000100	0.000080	1.000000	0.586534	0.835971	0.868037	22208.760122	90.221185	6264.009265	8374.312500	81920.000000	10.222549	6034.187988	7084.000000	
0.000100	0.000079	1.000000	0.617009	0.826927	0.868037	22302.865328	89.221002	6168.877644	8374.312500	81920.000000	10.222549	6034.187988	7084.000000	
0.000100	0.000110	1.000000	0.588543	0.838027	0.868037	22397.727467	89.854016	6073.959991	8374.312500	81920.000000	10.222549	6034.187988	7084.000000	
0.000100	0.000088	1.000000	0.583753	0.837821	0.868037	22490.968837	88.350756	5978.611969	8374.312500	81920.000000	10.222549	6034.187988	7084.000000	
0.000100	0.000123	1.000000	0.635513	0.831655	0.868037	22586.013770	89.502365	5883.751486	8374.312500	81920.000000	10.222549	6034.187988	7084.000000	
0.000100	0.000104	1.000000	0.626735	0.833505	0.868037	22681.993163	90.616741	5789.127962	8374.312500	81920.000000	10.222549	6034.187988	7084.000000	
0.000100	0.000087	1.000000	0.616745	0.835971	0.868037	22776.195851	89.073813	5694.048963	8374.312500	81920.000000	10.222549	6034.187988	7084.000000	
0.000100	0.000067	1.000000	0.609063	0.832271	0.868037	22871.080554	89.970190	5599.144202	8374.312500	81920.000000	10.222549	6034.187988	7084.000000	
0.000100	0.000088	1.000000	0.575272	0.836999	0.868037	22966.262070	89.687853	5504.310744	8374.312500	81920.000000	10.222549	6034.187988	7084.000000	
0.000100	0.000085	1.000000	0.612500	0.832682	0.868037	23061.079759	89.899642	5409.389079	8374.312500	81920.000000	10.222549	6034.187988	7084.000000	
0.000100	0.000082	1.000000	0.592489	0.838438	0.868037	23154.764714	88.736676	5314.208295	8374.312500	81920.000000	10.222549	6034.187988	7084.000000	
0.000100	0.000082	1.000000	0.653632	0.823022	0.868037	23249.995475	90.218698	5219.386739	8374.312500	81920.000000	10.222549	6034.187988	7084.000000	
0.000100	0.000069	1.000000	0.640249	0.822199	0.868037	23344.618450	89.713682	5124.428440	8374.312500	81920.000000	10.222549	6034.187988	7084.000000	
0.000100	0.000075	1.000000	0.686615	0.818499	0.868037	23439.483646	89.974215	5029.524831	8374.312500	81920.000000	10.222549	6034.187988	7084.000000	
0.000100	0.000068	1.000000	0.639515	0.833916	0.868037	23534.418167	90.017881	4934.636067	8374.312500	81920.000000	10.222549	6034.187988	7084.000000	
0.000100	0.000068	1.000000	0.674960	0.829188	0.868037	23629.550171	89.290115	4839.787384	8374.312500	81920.000000	10.222549	6034.187988	7084.000000	
0.000100	0.000073	1.000000	0.610956	0.837821	0.868037	23726.247797	91.674956	4745.249559	8374.312500	81920.000000	10.222549	6034.187988	7084.000000	
0.000100	0.000074	1.000000	0.585635	0.835560	0.868037	23821.261419	89.752168	4650.365775	8374.312500	81920.000000	10.222549	6034.187988	7084.000000	
0.000100	0.000082	1.000000	0.639134	0.833710	0.868037	23916.146353	89.855295	4555.456448	8374.312500	81920.000000	10.222549	6034.187988	7084.000000	
0.000100	0.000091	1.000000	0.630272	0.830010	0.868037	24010.814432	89.648010	4460.507029	8374.312500	81920.000000	10.222549	6034.187988	7084.000000	
0.000100	0.000073	1.000000	0.642597	0.823844	0.868037	24105.430615	89.586169	4365.550426	8374.312500	81920.000000	10.222549	6034.187988	7084.000000	
0.000100	0.000085	1.000000	0.640158	0.833710	0.868037	24199.189309	88.707814	4270.445172	8374.312500	81920.000000	10.222549	6034.187988	7084.000000	
0.000100	0.000074	1.000000	0.605925	0.840288	0.868037	24294.424196	89.949967	4175.604159	8374.312500	81920.000000	10.222549	6034.187988	7084.000000	
0.000100	0.000072	1.000000	0.632696	0.833916	0.868037	24388.174812	88.860661	4080.511739	8374.312500	81920.000000	10.222549	6034.187988	7084.000000	
0.000100	0.000075	1.000000	0.606979	0.836177	0.868037	24482.769930	89.547982	3985.567198	8374.312500	81920.000000	10.222549	6034.187988	7084.000000	
0.000100	0.000098	1.000000	0.628507	0.827338	0.868037	24576.493805	88.730901	3890.487436	8374.312500	81920.000000	10.222549	6034.187988	7084.000000	
0.000100	0.000082	1.000000	0.636411	0.824049	0.868037	24671.192396	89.665005	3795.568061	8374.312500	81920.000000	10.222549	6034.187988	7084.000000	
0.000100	0.000065	1.000000	0.577044	0.847482	0.868037	24765.497698	89.344249	3700.591610	8374.312500	81920.000000	10.222549	6034.187988	7084.000000	
0.000100	0.000088	1.000000	0.645817	0.833505	0.868037	24859.787924	89.367088	3605.618096	8374.312500	81920.000000	10.222549	6034.187988	7084.000000	
0.000100	0.000100	1.000000	0.645730	0.832477	0.868037	24954.557932	89.767463	3510.717276	8374.312500	81920.000000	10.222549	6034.187988	7084.000000	
0.000100	0.000085	1.000000	0.657725	0.824255	0.868037	25048.503398	88.987515	3415.705009	8374.312500	81920.000000	10.222549	6034.187988	7084.000000	
0.000100	0.000084	1.000000	0.695090	0.825694	0.868037	25143.073259	89.418916	3320.783261	8374.312500	81920.000000	10.222549	6034.187988	7084.000000	
0.000100	0.000063	1.000000	0.682382	0.820966	0.868037	25237.624486	89.361083	3225.861776	8374.312500	81920.000000	10.222549	6034.187988	7084.000000	
0.000100	0.000068	1.000000	0.630241	0.835766	0.868037	25332.822707	89.961011	3131.023031	8374.312500	81920.000000	10.222549	6034.187988	7084.000000	
0.000100	0.000088	1.000000	0.576999	0.836793	0.868037	25427.190636	89.362643	3036.082464	8374.312500	81920.000000	10.222549	6034.187988	7084.000000	
0.000100	0.000083	1.000000	0.609866	0.833916	0.868037	25521.663957	89.474975	2941.158300	8374.312500	81920.000000	10.222549	6034.187988	7084.000000	
0.000100	0.000065	1.000000	0.634685	0.827955	0.868037	25617.148393	90.587515	2846.349821	8374.312500	81920.000000	10.222549	6034.187988	7084.000000	
0.000100	0.000107	1.000000	0.590733	0.832477	0.868037	25710.836101	88.597147	2751.344085	8374.312500	81920.000000	10.222549	6034.187988	7084.000000	
0.000100	0.000074	1.000000	0.678298	0.816033	0.868037	25807.008461	91.051533	2656.603812	8374.312500	81920.000000	10.222549	6034.187988	7084.000000	
0.000100	0.000082	1.000000	0.679857	0.831244	0.868037	25901.713126	89.806429	2561.707892	8374.312500	81920.000000	10.222549	6034.187988	7084.000000	
0.000100	0.000069	1.000000	0.633459	0.832477	0.868037	25996.308492	89.449570	2466.802996	8374.312500	81920.000000	10.222549	6034.187988	7084.000000	
0.000100	0.000069	1.000000	0.659070	0.831449	0.868037	26090.336894	89.040419	2371.848809	8374.312500	81920.000000	10.222549	6034.187988	7084.000000	
0.000100	0.000077	1.000000	0.627692	0.833094	0.868037	26184.774591	89.426985	2276.936921	8374.312500	81920.000000	10.222549	6034.187988	7084.000000	
0.000100	0.000081	1.000000	0.618775	0.834121	0.868037	26278.601620	88.658345	2181.977752	8374.312500	81920.000000	10.222549	6034.187988	7084.000000	
0.000100	0.000074	1.000000	0.627134	0.833505	0.868037	26373.507101	89.897483	2087.112073	8374.312500	81920.000000	10.222549	6034.187988	7084.000000	
0.000100	0.000066	1.000000	0.643222	0.828160	0.868037	26467.747544	89.110735	1992.196052	8374.312500	81920.000000	10.222549	6034.187988	7084.000000	
0.000100	0.000077	1.000000	0.656911	0.826105	0.868037	26562.871555	89.838172	1897.347968	8374.312500	81920.000000	10.222549	6034.187988	7084.000000	
0.000100	0.000070	1.000000	0.644421	0.838027	0.868037	26658.163764	90.189349	1802.509294	8374.312500	81920.000000	10.222549	6034.187988	7084.000000	
0.000100	0.000077	1.000000	0.698151	0.833299	0.868037	26752.500907	89.334302	1707.606441	8374.312500	81920.000000	10.222549	6034.187988	7084.000000	
0.000100	0.000082	1.000000	0.618457	0.835560	0.868037	26846.631535	89.126205	1612.695181	8374.312500	81920.000000	10.222549	6034.187988	7084.000000	
0.000100	0.000094	1.000000	0.743138	0.834738	0.868037	26940.884956	89.202132	1517.796336	8374.312500	81920.000000	10.222549	6034.187988	7084.000000	
0.000100	0.000073	1.000000	0.688227	0.833710	0.868037	27035.109644	89.312806	1422.900508	8374.312500	81920.000000	10.222549	6034.187988	7084.000000	
0.000100	0.000087	1.000000	0.665286	0.837410	0.868037	27129.551009	89.446314	1328.019979	8374.312500	81920.000000	10.222549	6034.187988	7084.000000	
0.000100	0.000072	1.000000	0.656609	0.831038	0.868037	27223.809380	89.393666	1233.134223	8374.312500	81920.000000	10.222549	6034.187988	7084.000000	
0.000100	0.000072	1.000000	0.622646	0.833916	0.868037	27318.336917	89.584890	1138.264038	8374.312500	81920.000000	10.222549	6034.187988	7084.000000	
0.000100	0.000063	1.000000	0.643963	0.831449	0.868037	27412.506705	89.300987	1043.382608	8374.312500	81920.000000	10.222549	6034.187988	7084.000000	
0.000100	0.000100	1.000000	0.659065	0.832066	0.868037	27506.561455	89.151246	948.502119	8374.312500	81920.000000	10.222549	6034.187988	7084.000000	
0.000100	0.000061	1.000000	0.656147	0.831244	0.868037	27600.135164	88.645826	853.612428	8374.312500	81920.000000	10.222549	6034.187988	7084.000000	
0.000100	0.000070	1.000000	0.634702	0.834943	0.868037	27694.862553	89.535634	758.763358	8374.312500	81920.000000	10.222549	6034.187988	7084.000000	
0.000100	0.000065	1.000000	0.683508	0.828366	0.868037	27790.384463	90.563880	663.934100	8374.312500	81920.000000	10.222549	6034.187988	7084.000000	
0.000100	0.000056	1.000000	0.618790	0.838643	0.868037	27885.778025	90.311962	569.097511	8374.312500	81920.000000	10.222549	6034.187988	7084.000000	
0.000100	0.000066	1.000000	0.628745	0.833505	0.868037	27981.313438	90.066055	474.259550	8374.312500	81920.000000	10.222549	6034.187988	7084.000000	
0.000100	0.000070	1.000000	0.631935	0.833094	0.868037	28076.290010	89.930520	379.409324	8374.312500	81920.000000	10.222549	6034.187988	7084.000000	
0.000100	0.000064	1.000000	0.614115	0.836588	0.868037	28171.297316	89.987718	284.558559	8374.312500	81920.000000	10.222549	6034.187988	7084.000000	
0.000100	0.000074	1.000000	0.655665	0.831449	0.868037	28265.434754	89.140319	189.700904	8374.312500	81920.000000	10.222549	6034.187988	7084.000000	
0.000100	0.000074	1.000000	0.668890	0.831655	0.868037	28361.647142	90.890044	94.855007	8374.312500	81920.000000	10.222549	6034.187988	7084.000000	
0.000100	0.000064	1.000000	0.641431	0.833710	0.868037	28456.267523	89.573916	0.000000	8374.312500	81920.000000	10.222549	6034.187988	7084.000000	
