object,case,width,force,label,frame_idx,time_sec,x_t00,x_t01,x_t02,x_t03,x_t04,x_t05,x_t06,x_t07,x_t08,x_t09,x_t10,x_t11,x_t12,x_t13,x_t14,x_t15,y_t00,y_t01,y_t02,y_t03,y_t04,y_t05,y_t06,y_t07,y_t08,y_t09,y_t10,y_t11,y_t12,y_t13,y_t14,y_t15,z_t00,z_t01,z_t02,z_t03,z_t04,z_t05,z_t06,z_t07,z_t08,z_t09,z_t10,z_t11,z_t12,z_t13,z_t14,z_t15
nongfu,68.7_3_0,68.7,3,0,0,1564545396730.0,1.0,1.0,0.054901961237192154,0.0,0.8352941274642944,0.9607843160629272,0.0,0.0,0.4000000059604645,0.2078431397676468,0.0,0.0,0.30980393290519714,0.21568627655506134,0.0,0.0,0.19607843458652496,0.4627451002597809,0.09019608050584793,0.01568627543747425,0.0235294122248888,0.14901961386203766,0.0313725508749485,0.003921568859368563,0.12156862765550613,0.0,0.03921568766236305,0.0313725508749485,0.0313725508749485,0.0,0.0117647061124444,0.0117647061124444,0.4000000059604645,0.6666666865348816,0.14901961386203766,0.07450980693101883,0.22745098173618317,0.3529411852359772,0.09019608050584793,0.062745101749897,0.14509804546833038,0.0,0.08235294371843338,0.07450980693101883,0.054901961237192154,0.0,0.054901961237192154,0.054901961237192154
nongfu,68.7_3_0,68.7,3,0,1,1564545396745.0,0.9803921580314636,1.0,0.0313725508749485,0.0,0.8274509906768799,0.9529411792755127,0.0,0.0,0.4117647111415863,0.239215686917305,0.0,0.0,0.34117648005485535,0.24705882370471954,0.0,0.0,0.1764705926179886,0.46666666865348816,0.09019608050584793,0.03921568766236305,0.0235294122248888,0.14901961386203766,0.05098039284348488,0.01568627543747425,0.10588235408067703,0.0,0.01568627543747425,0.03529411926865578,0.03529411926865578,0.0,0.0117647061124444,0.01568627543747425,0.40784314274787903,0.6980392336845398,0.11764705926179886,0.06666667014360428,0.2549019753932953,0.3803921639919281,0.0784313753247261,0.04313725605607033,0.16078431904315948,0.0,0.03921568766236305,0.05882352963089943,0.09019608050584793,0.0,0.03529411926865578,0.03921568766236305
nongfu,68.7_3_0,68.7,3,0,2,1564545396760.0,1.0,1.0,0.04313725605607033,0.0,0.800000011920929,0.9176470637321472,0.0,0.0,0.4627451002597809,0.2862745225429535,0.0,0.0,0.4117647111415863,0.30588236451148987,0.0,0.0,0.27843138575553894,0.5490196347236633,0.09803921729326248,0.027450980618596077,0.06666667014360428,0.18431372940540314,0.03529411926865578,0.003921568859368563,0.10196078568696976,0.0,0.0,0.019607843831181526,0.05098039284348488,0.0,0.0,0.0,0.3607843220233917,0.6313725709915161,0.21176470816135406,0.1411764770746231,0.14901961386203766,0.2666666805744171,0.14901961386203766,0.11764705926179886,0.11372549086809158,0.0,0.07450980693101883,0.0941176488995552,0.062745101749897,0.0,0.07058823853731155,0.07058823853731155
nongfu,68.7_3_0,68.7,3,0,3,1564545396775.0,0.95686274766922,1.0,0.054901961237192154,0.0,0.8352941274642944,0.9372549057006836,0.0313725508749485,0.0,0.3529411852359772,0.18431372940540314,0.0,0.0117647061124444,0.2666666805744171,0.1568627506494522,0.0,0.0,0.16078431904315948,0.4470588266849518,0.07058823853731155,0.01568627543747425,0.03921568766236305,0.1411764770746231,0.0470588244497776,0.0,0.12941177189350128,0.0,0.003921568859368563,0.0235294122248888,0.04313725605607033,0.0,0.0,0.0,0.3764705955982208,0.6627451181411743,0.10588235408067703,0.05098039284348488,0.2549019753932953,0.35686275362968445,0.08235294371843338,0.03529411926865578,0.1568627506494522,0.0,0.03921568766236305,0.05882352963089943,0.07058823853731155,0.0,0.03529411926865578,0.03529411926865578
nongfu,68.7_3_0,68.7,3,0,4,1564545396790.0,1.0,1.0,0.03529411926865578,0.0,0.8235294222831726,0.9411764740943909,0.0,0.0,0.4745098054409027,0.3019607961177826,0.0,0.007843137718737125,0.4117647111415863,0.30980393290519714,0.0,0.0,0.21568627655506134,0.49803921580314636,0.09803921729326248,0.03921568766236305,0.03921568766236305,0.1568627506494522,0.04313725605607033,0.0117647061124444,0.0941176488995552,0.0,0.003921568859368563,0.019607843831181526,0.0313725508749485,0.0,0.0,0.0,0.3960784375667572,0.6784313917160034,0.14901961386203766,0.09019608050584793,0.21960784494876862,0.33725491166114807,0.0941176488995552,0.062745101749897,0.13725490868091583,0.0,0.062745101749897,0.0784313753247261,0.07450980693101883,0.0,0.054901961237192154,0.05882352963089943
nongfu,68.7_3_0,68.7,3,0,5,1564545396805.0,1.0,1.0,0.04313725605607033,0.0,0.8156862854957581,0.9333333373069763,0.0,0.0,0.45098039507865906,0.2705882489681244,0.0,0.0,0.38823530077934265,0.27843138575553894,0.0,0.0,0.2549019753932953,0.5215686559677124,0.10196078568696976,0.019607843831181526,0.05098039284348488,0.16862745583057404,0.0470588244497776,0.007843137718737125,0.10196078568696976,0.0,0.0117647061124444,0.019607843831181526,0.03921568766236305,0.0,0.0,0.0,0.3803921639919281,0.6470588445663452,0.1764705926179886,0.0941176488995552,0.1764705926179886,0.29411765933036804,0.12156862765550613,0.08235294371843338,0.10980392247438431,0.0,0.07450980693101883,0.08235294371843338,0.0470588244497776,0.0,0.062745101749897,0.062745101749897
nongfu,68.7_3_0,68.7,3,0,6,1564545396821.0,0.9764705896377563,1.0,0.03529411926865578,0.0,0.8313725590705872,0.9450980424880981,0.01568627543747425,0.0,0.3490196168422699,0.19607843458652496,0.0,0.01568627543747425,0.2705882489681244,0.1725490242242813,0.0,0.0,0.1764705926179886,0.4588235318660736,0.054901961237192154,0.0117647061124444,0.0313725508749485,0.14509804546833038,0.03529411926865578,0.0,0.11764705926179886,0.0,0.0,0.019607843831181526,0.03921568766236305,0.0,0.0,0.0,0.3686274588108063,0.6509804129600525,0.12941177189350128,0.08627451211214066,0.2235294133424759,0.33725491166114807,0.10980392247438431,0.07058823853731155,0.125490203499794,0.0,0.06666667014360428,0.09019608050584793,0.0470588244497776,0.0,0.062745101749897,0.062745101749897
nongfu,68.7_3_0,68.7,3,0,7,1564545396836.0,1.0,1.0,0.0470588244497776,0.0,0.7921568751335144,0.9176470637321472,0.0,0.0,0.45490196347236633,0.2823529541492462,0.0,0.0,0.40784314274787903,0.30588236451148987,0.0,0.0,0.27843138575553894,0.5529412031173706,0.10588235408067703,0.0313725508749485,0.05882352963089943,0.18431372940540314,0.04313725605607033,0.007843137718737125,0.10196078568696976,0.0,0.007843137718737125,0.0235294122248888,0.054901961237192154,0.0,0.0,0.0,0.3843137323856354,0.658823549747467,0.19607843458652496,0.12156862765550613,0.16470588743686676,0.29019609093666077,0.13333334028720856,0.09803921729326248,0.10980392247438431,0.0,0.062745101749897,0.0784313753247261,0.062745101749897,0.0,0.054901961237192154,0.054901961237192154
nongfu,68.7_3_0,68.7,3,0,8,1564545396851.0,1.0,1.0,0.04313725605607033,0.0,0.8196078538894653,0.9372549057006836,0.0,0.0,0.4274509847164154,0.26274511218070984,0.0,0.0,0.37254902720451355,0.27843138575553894,0.0,0.0,0.30588236451148987,0.5647059082984924,0.10980392247438431,0.0313725508749485,0.06666667014360428,0.18431372940540314,0.04313725605607033,0.0117647061124444,0.09019608050584793,0.0,0.0117647061124444,0.03529411926865578,0.03529411926865578,0.0,0.007843137718737125,0.01568627543747425,0.38823530077934265,0.6470588445663452,0.1882352977991104,0.10980392247438431,0.14901961386203766,0.2666666805744171,0.12156862765550613,0.09019608050584793,0.08627451211214066,0.0,0.05882352963089943,0.08235294371843338,0.0313725508749485,0.0,0.054901961237192154,0.062745101749897
nongfu,68.7_3_0,68.7,3,0,9,1564545396866.0,1.0,1.0,0.06666667014360428,0.0,0.8039215803146362,0.8823529481887817,0.003921568859368563,0.0,0.3764705955982208,0.25882354378700256,0.0,0.0,0.34117648005485535,0.23137255012989044,0.0,0.0,0.3176470696926117,0.5803921818733215,0.0941176488995552,0.007843137718737125,0.0941176488995552,0.1725490242242813,0.0313725508749485,0.0,0.08235294371843338,0.0,0.003921568859368563,0.003921568859368563,0.0470588244497776,0.0,0.007843137718737125,0.003921568859368563,0.3921568691730499,0.6549019813537598,0.19607843458652496,0.10980392247438431,0.16862745583057404,0.24705882370471954,0.13333334028720856,0.09803921729326248,0.062745101749897,0.0,0.062745101749897,0.062745101749897,0.027450980618596077,0.0,0.06666667014360428,0.062745101749897
nongfu,68.7_3_0,68.7,3,0,10,1564545396881.0,1.0,1.0,0.0941176488995552,0.0,0.7333333492279053,0.8274509906768799,0.0,0.0,0.4470588266849518,0.3333333432674408,0.0,0.0,0.45490196347236633,0.30980393290519714,0.0,0.0,0.4901960790157318,0.7490196228027344,0.14509804546833038,0.01568627543747425,0.125490203499794,0.21960784494876862,0.03921568766236305,0.0,0.05098039284348488,0.0,0.019607843831181526,0.0117647061124444,0.05882352963089943,0.0,0.0470588244497776,0.03529411926865578,0.41960784792900085,0.6784313917160034,0.2823529541492462,0.15294118225574493,0.054901961237192154,0.14901961386203766,0.1764705926179886,0.13725490868091583,0.08235294371843338,0.0,0.05098039284348488,0.04313725605607033,0.09019608050584793,0.0,0.0784313753247261,0.06666667014360428
nongfu,68.7_3_0,68.7,3,0,11,1564545396896.0,1.0,1.0,0.09019608050584793,0.0,0.7254902124404907,0.8235294222831726,0.0,0.0,0.4156862795352936,0.32156863808631897,0.0,0.0,0.4274509847164154,0.29411765933036804,0.0,0.0,0.5215686559677124,0.7686274647712708,0.12941177189350128,0.0117647061124444,0.13333334028720856,0.23137255012989044,0.0313725508749485,0.0,0.03921568766236305,0.0,0.01568627543747425,0.0117647061124444,0.05098039284348488,0.0,0.03921568766236305,0.03529411926865578,0.4470588266849518,0.6941176652908325,0.2666666805744171,0.14901961386203766,0.05882352963089943,0.1568627506494522,0.16862745583057404,0.13333334028720856,0.054901961237192154,0.0,0.03921568766236305,0.03529411926865578,0.06666667014360428,0.0,0.062745101749897,0.05882352963089943
nongfu,68.7_3_0,68.7,3,0,12,1564545396912.0,1.0,1.0,0.0784313753247261,0.0,0.7215686440467834,0.8235294222831726,0.0,0.0,0.4274509847164154,0.30980393290519714,0.0,0.0,0.41960784792900085,0.3137255012989044,0.0,0.0,0.545098066329956,0.7607843279838562,0.14509804546833038,0.0313725508749485,0.13333334028720856,0.23529411852359772,0.05098039284348488,0.007843137718737125,0.05098039284348488,0.0,0.027450980618596077,0.019607843831181526,0.04313725605607033,0.0,0.05882352963089943,0.0313725508749485,0.45098039507865906,0.6666666865348816,0.26274511218070984,0.14901961386203766,0.03921568766236305,0.1411764770746231,0.16862745583057404,0.125490203499794,0.06666667014360428,0.0,0.04313725605607033,0.03529411926865578,0.05882352963089943,0.0,0.07450980693101883,0.0470588244497776
nongfu,68.7_3_0,68.7,3,0,13,1564545396927.0,1.0,1.0,0.11764705926179886,0.0,0.7058823704719543,0.7803921699523926,0.003921568859368563,0.0,0.43921568989753723,0.25882354378700256,0.0,0.0,0.3686274588108063,0.364705890417099,0.062745101749897,0.01568627543747425,0.7450980544090271,0.8117647171020508,0.1764705926179886,0.04313725605607033,0.23137255012989044,0.30588236451148987,0.062745101749897,0.003921568859368563,0.11372549086809158,0.0,0.007843137718737125,0.0235294122248888,0.04313725605607033,0.03921568766236305,0.0941176488995552,0.0470588244497776,0.5686274766921997,0.6352941393852234,0.29019609093666077,0.1568627506494522,0.054901961237192154,0.12941177189350128,0.1764705926179886,0.11764705926179886,0.09803921729326248,0.0,0.019607843831181526,0.03529411926865578,0.027450980618596077,0.0235294122248888,0.10588235408067703,0.05882352963089943
nongfu,68.7_3_0,68.7,3,0,14,1564545396942.0,1.0,1.0,0.09019608050584793,0.0,0.6980392336845398,0.7882353067398071,0.0,0.0,0.2980392277240753,0.1411764770746231,0.0,0.0,0.21960784494876862,0.21568627655506134,0.03921568766236305,0.0,0.7686274647712708,0.800000011920929,0.1882352977991104,0.05882352963089943,0.20000000298023224,0.29019609093666077,0.054901961237192154,0.019607843831181526,0.15294118225574493,0.0,0.01568627543747425,0.03921568766236305,0.07450980693101883,0.07058823853731155,0.0941176488995552,0.03921568766236305,0.6078431606292725,0.6392157077789307,0.27450981736183167,0.14509804546833038,0.03921568766236305,0.12941177189350128,0.1411764770746231,0.10588235408067703,0.0784313753247261,0.0,0.027450980618596077,0.05098039284348488,0.0,0.0,0.10588235408067703,0.05098039284348488
nongfu,68.7_3_0,68.7,3,0,15,1564545396957.0,1.0,1.0,0.10588235408067703,0.0,0.6901960968971252,0.7843137383460999,0.0,0.0,0.29019609093666077,0.14901961386203766,0.0,0.0,0.2235294133424759,0.2235294133424759,0.062745101749897,0.0,0.7568627595901489,0.8078431487083435,0.1921568661928177,0.062745101749897,0.1882352977991104,0.2823529541492462,0.07058823853731155,0.01568627543747425,0.16862745583057404,0.027450980618596077,0.019607843831181526,0.03529411926865578,0.10196078568696976,0.10196078568696976,0.125490203499794,0.062745101749897,0.6039215922355652,0.6549019813537598,0.2862745225429535,0.1568627506494522,0.03529411926865578,0.12941177189350128,0.16470588743686676,0.10980392247438431,0.05882352963089943,0.0,0.01568627543747425,0.0313725508749485,0.0,0.0,0.12156862765550613,0.05882352963089943
nongfu,68.7_3_0,68.7,3,0,16,1564545396972.0,1.0,1.0,0.14509804546833038,0.0,0.7529411911964417,0.7843137383460999,0.0,0.0,0.21960784494876862,0.11372549086809158,0.0,0.0,0.2078431397676468,0.16862745583057404,0.08235294371843338,0.0235294122248888,0.7647058963775635,0.8274509906768799,0.239215686917305,0.054901961237192154,0.29019609093666077,0.32156863808631897,0.03921568766236305,0.0313725508749485,0.21568627655506134,0.10980392247438431,0.027450980618596077,0.0313725508749485,0.20392157137393951,0.16470588743686676,0.13333334028720856,0.07450980693101883,0.5843137502670288,0.6470588445663452,0.3333333432674408,0.14901961386203766,0.10980392247438431,0.1411764770746231,0.13333334028720856,0.125490203499794,0.003921568859368563,0.0,0.0,0.003921568859368563,0.0,0.0,0.10588235408067703,0.0470588244497776
nongfu,68.7_3_0,68.7,3,0,17,1564545396987.0,1.0,1.0,0.13725490868091583,0.0,0.7058823704719543,0.7490196228027344,0.0,0.0,0.20392157137393951,0.11764705926179886,0.0,0.0,0.18039216101169586,0.1411764770746231,0.0784313753247261,0.0313725508749485,0.7529411911964417,0.8313725590705872,0.20392157137393951,0.05098039284348488,0.21568627655506134,0.25882354378700256,0.05098039284348488,0.019607843831181526,0.1921568661928177,0.10588235408067703,0.0117647061124444,0.0117647061124444,0.16862745583057404,0.12941177189350128,0.11764705926179886,0.07058823853731155,0.6431372761726379,0.7215686440467834,0.32156863808631897,0.16862745583057404,0.10588235408067703,0.14901961386203766,0.16862745583057404,0.13725490868091583,0.0313725508749485,0.0,0.01568627543747425,0.01568627543747425,0.007843137718737125,0.0,0.12156862765550613,0.07450980693101883
nongfu,68.7_3_0,68.7,3,0,18,1564545397003.0,1.0,1.0,0.15294118225574493,0.0,0.7254902124404907,0.7882353067398071,0.0,0.0,0.21568627655506134,0.12156862765550613,0.0,0.0,0.2235294133424759,0.19607843458652496,0.09019608050584793,0.019607843831181526,0.7607843279838562,0.843137264251709,0.24705882370471954,0.05882352963089943,0.2549019753932953,0.3176470696926117,0.0470588244497776,0.03529411926865578,0.2078431397676468,0.11372549086809158,0.0235294122248888,0.027450980618596077,0.21568627655506134,0.1882352977991104,0.14901961386203766,0.0784313753247261,0.6235294342041016,0.7058823704719543,0.35686275362968445,0.16862745583057404,0.11764705926179886,0.18039216101169586,0.1568627506494522,0.14509804546833038,0.007843137718737125,0.0,0.003921568859368563,0.007843137718737125,0.01568627543747425,0.0,0.12941177189350128,0.05882352963089943
nongfu,68.7_3_0,68.7,3,0,19,1564545397018.0,1.0,1.0,0.16862745583057404,0.0,0.729411780834198,0.7803921699523926,0.0,0.0,0.12156862765550613,0.03529411926865578,0.0,0.0,0.11764705926179886,0.0941176488995552,0.07058823853731155,0.007843137718737125,0.7568627595901489,0.843137264251709,0.250980406999588,0.05882352963089943,0.26274511218070984,0.3137255012989044,0.03529411926865578,0.0313725508749485,0.25882354378700256,0.1725490242242813,0.0470588244497776,0.04313725605607033,0.2549019753932953,0.23137255012989044,0.15294118225574493,0.09019608050584793,0.6313725709915161,0.7176470756530762,0.3176470696926117,0.125490203499794,0.13725490868091583,0.1882352977991104,0.10196078568696976,0.09803921729326248,0.0,0.0,0.0117647061124444,0.007843137718737125,0.0,0.0,0.11764705926179886,0.054901961237192154
nongfu,68.7_3_0,68.7,3,0,20,1564545397033.0,1.0,1.0,0.13725490868091583,0.0,0.6745098233222961,0.7764706015586853,0.0,0.0,0.14901961386203766,0.0470588244497776,0.0,0.0,0.10588235408067703,0.11764705926179886,0.09803921729326248,0.027450980618596077,0.7411764860153198,0.8313725590705872,0.20392157137393951,0.05098039284348488,0.1764705926179886,0.27843138575553894,0.05882352963089943,0.007843137718737125,0.239215686917305,0.13725490868091583,0.01568627543747425,0.027450980618596077,0.19607843458652496,0.2078431397676468,0.15294118225574493,0.08235294371843338,0.7058823704719543,0.7960784435272217,0.30588236451148987,0.15294118225574493,0.1411764770746231,0.24313725531101227,0.16078431904315948,0.10980392247438431,0.019607843831181526,0.0,0.019607843831181526,0.0313725508749485,0.0,0.0,0.1568627506494522,0.08627451211214066
nongfu,68.7_3_0,68.7,3,0,21,1564545397048.0,1.0,1.0,0.1568627506494522,0.0,0.7019608020782471,0.7450980544090271,0.0,0.0,0.18431372940540314,0.10980392247438431,0.0,0.0,0.18039216101169586,0.15294118225574493,0.10588235408067703,0.027450980618596077,0.772549033164978,0.8588235378265381,0.239215686917305,0.054901961237192154,0.2666666805744171,0.30980393290519714,0.05882352963089943,0.0313725508749485,0.24705882370471954,0.1725490242242813,0.019607843831181526,0.0235294122248888,0.24313725531101227,0.21568627655506134,0.1764705926179886,0.09803921729326248,0.6627451181411743,0.7490196228027344,0.32156863808631897,0.13725490868091583,0.1568627506494522,0.20000000298023224,0.1411764770746231,0.11372549086809158,0.003921568859368563,0.0,0.027450980618596077,0.0313725508749485,0.0,0.0,0.18431372940540314,0.10588235408067703
nongfu,68.7_3_0,68.7,3,0,22,1564545397063.0,1.0,1.0,0.13333334028720856,0.0,0.7098039388656616,0.7607843279838562,0.0,0.0,0.12941177189350128,0.054901961237192154,0.0,0.0,0.10980392247438431,0.09803921729326248,0.0941176488995552,0.03529411926865578,0.729411780834198,0.8392156958580017,0.2078431397676468,0.062745101749897,0.20392157137393951,0.2549019753932953,0.0470588244497776,0.03529411926865578,0.24313725531101227,0.16862745583057404,0.027450980618596077,0.027450980618596077,0.2235294133424759,0.21176470816135406,0.1725490242242813,0.11372549086809158,0.7450980544090271,0.8549019694328308,0.2235294133424759,0.0784313753247261,0.21960784494876862,0.2705882489681244,0.062745101749897,0.05098039284348488,0.0235294122248888,0.0,0.0,0.0,0.003921568859368563,0.0,0.13725490868091583,0.0784313753247261
nongfu,68.7_3_0,68.7,3,0,23,1564545397079.0,1.0,1.0,0.1568627506494522,0.0,0.686274528503418,0.7450980544090271,0.0,0.0,0.16470588743686676,0.08627451211214066,0.0,0.0,0.13725490868091583,0.12156862765550613,0.09019608050584793,0.027450980618596077,0.7333333492279053,0.8470588326454163,0.22745098173618317,0.05882352963089943,0.1882352977991104,0.24705882370471954,0.0470588244497776,0.03921568766236305,0.2666666805744171,0.1882352977991104,0.03529411926865578,0.03529411926865578,0.239215686917305,0.2235294133424759,0.18431372940540314,0.12156862765550613,0.7764706015586853,0.8901960849761963,0.22745098173618317,0.05882352963089943,0.23137255012989044,0.29019609093666077,0.0470588244497776,0.03921568766236305,0.0784313753247261,0.0,0.0,0.0,0.05098039284348488,0.03529411926865578,0.13333334028720856,0.07058823853731155
nongfu,68.7_3_0,68.7,3,0,24,1564545397094.0,1.0,1.0,0.14901961386203766,0.0,0.7176470756530762,0.7607843279838562,0.0,0.0,0.1882352977991104,0.10980392247438431,0.0,0.0,0.13725490868091583,0.13725490868091583,0.09803921729326248,0.0235294122248888,0.7411764860153198,0.8549019694328308,0.22745098173618317,0.05882352963089943,0.23529411852359772,0.27843138575553894,0.05098039284348488,0.0470588244497776,0.2980392277240753,0.21960784494876862,0.0470588244497776,0.03921568766236305,0.24705882370471954,0.24705882370471954,0.20392157137393951,0.12941177189350128,0.7490196228027344,0.8627451062202454,0.2235294133424759,0.054901961237192154,0.24313725531101227,0.2862745225429535,0.0470588244497776,0.04313725605607033,0.07058823853731155,0.0,0.0,0.0,0.019607843831181526,0.019607843831181526,0.14509804546833038,0.07058823853731155
nongfu,68.7_3_0,68.7,3,0,25,1564545397109.0,1.0,1.0,0.11764705926179886,0.0,0.6509804129600525,0.7529411911964417,0.0,0.0,0.18431372940540314,0.0784313753247261,0.0,0.0,0.11372549086809158,0.0941176488995552,0.08235294371843338,0.007843137718737125,0.7333333492279053,0.8274509906768799,0.1882352977991104,0.05882352963089943,0.13333334028720856,0.23529411852359772,0.054901961237192154,0.027450980618596077,0.27843138575553894,0.1725490242242813,0.03529411926865578,0.04313725605607033,0.2078431397676468,0.1882352977991104,0.1725490242242813,0.09803921729326248,0.8235294222831726,0.9176470637321472,0.20392157137393951,0.07450980693101883,0.2235294133424759,0.32549020648002625,0.07058823853731155,0.04313725605607033,0.09019608050584793,0.0,0.0,0.0,0.019607843831181526,0.0,0.10980392247438431,0.03529411926865578
nongfu,68.7_3_0,68.7,3,0,26,1564545397124.0,1.0,1.0,0.13333334028720856,0.0,0.7137255072593689,0.7568627595901489,0.0,0.0,0.23529411852359772,0.13725490868091583,0.0,0.0,0.16470588743686676,0.14901961386203766,0.10980392247438431,0.0313725508749485,0.729411780834198,0.843137264251709,0.20392157137393951,0.0470588244497776,0.20392157137393951,0.24705882370471954,0.03921568766236305,0.05098039284348488,0.3176470696926117,0.21960784494876862,0.054901961237192154,0.03921568766236305,0.24705882370471954,0.23137255012989044,0.2078431397676468,0.12941177189350128,0.7764706015586853,0.8901960849761963,0.21176470816135406,0.054901961237192154,0.250980406999588,0.29411765933036804,0.0470588244497776,0.05882352963089943,0.0941176488995552,0.0,0.0,0.0,0.0235294122248888,0.007843137718737125,0.13333334028720856,0.054901961237192154
nongfu,68.7_3_0,68.7,3,0,27,1564545397139.0,1.0,1.0,0.10980392247438431,0.0,0.6745098233222961,0.7647058963775635,0.0,0.0,0.23137255012989044,0.10196078568696976,0.0,0.0,0.13333334028720856,0.11764705926179886,0.10588235408067703,0.007843137718737125,0.729411780834198,0.8352941274642944,0.1725490242242813,0.054901961237192154,0.1568627506494522,0.24705882370471954,0.03921568766236305,0.027450980618596077,0.32549020648002625,0.19607843458652496,0.03529411926865578,0.04313725605607033,0.22745098173618317,0.21176470816135406,0.1921568661928177,0.0941176488995552,0.772549033164978,0.8784313797950745,0.16078431904315948,0.04313725605607033,0.20000000298023224,0.29019609093666077,0.027450980618596077,0.01568627543747425,0.12156862765550613,0.0,0.0,0.0,0.0235294122248888,0.007843137718737125,0.1411764770746231,0.04313725605607033
nongfu,68.7_3_0,68.7,3,0,28,1564545397154.0,1.0,1.0,0.10196078568696976,0.0,0.6666666865348816,0.7764706015586853,0.0,0.0,0.23529411852359772,0.12941177189350128,0.0,0.0,0.14901961386203766,0.13725490868091583,0.09803921729326248,0.007843137718737125,0.7215686440467834,0.8313725590705872,0.1764705926179886,0.05882352963089943,0.13333334028720856,0.24313725531101227,0.0470588244497776,0.027450980618596077,0.2980392277240753,0.1921568661928177,0.05098039284348488,0.0470588244497776,0.21176470816135406,0.20000000298023224,0.19607843458652496,0.10588235408067703,0.800000011920929,0.9098039269447327,0.16862745583057404,0.05098039284348488,0.21176470816135406,0.32156863808631897,0.03921568766236305,0.019607843831181526,0.10588235408067703,0.0,0.0,0.0,0.019607843831181526,0.007843137718737125,0.11372549086809158,0.0235294122248888
nongfu,68.7_3_0,68.7,3,0,29,1564545397170.0,1.0,1.0,0.125490203499794,0.0,0.6784313917160034,0.7647058963775635,0.0,0.0,0.29019609093666077,0.2078431397676468,0.0,0.0,0.1764705926179886,0.16078431904315948,0.09803921729326248,0.0117647061124444,0.729411780834198,0.8392156958580017,0.1921568661928177,0.0470588244497776,0.16078431904315948,0.24705882370471954,0.0235294122248888,0.04313725605607033,0.3607843220233917,0.27843138575553894,0.07450980693101883,0.054901961237192154,0.24705882370471954,0.23137255012989044,0.21568627655506134,0.12941177189350128,0.772549033164978,0.8823529481887817,0.16862745583057404,0.0235294122248888,0.20392157137393951,0.29019609093666077,0.0,0.019607843831181526,0.13333334028720856,0.05098039284348488,0.0,0.0,0.019607843831181526,0.003921568859368563,0.11372549086809158,0.027450980618596077
nongfu,68.7_3_0,68.7,3,0,30,1564545397185.0,1.0,1.0,0.10588235408067703,0.0,0.658823549747467,0.7686274647712708,0.0,0.0,0.2823529541492462,0.16470588743686676,0.0,0.0,0.12941177189350128,0.12941177189350128,0.11372549086809158,0.0235294122248888,0.7254902124404907,0.8313725590705872,0.16862745583057404,0.05882352963089943,0.12941177189350128,0.239215686917305,0.03529411926865578,0.0313725508749485,0.3764705955982208,0.25882354378700256,0.054901961237192154,0.04313725605607033,0.2235294133424759,0.2235294133424759,0.20392157137393951,0.11372549086809158,0.7803921699523926,0.886274516582489,0.16470588743686676,0.054901961237192154,0.18431372940540314,0.29411765933036804,0.0313725508749485,0.027450980618596077,0.14901961386203766,0.0313725508749485,0.0,0.0,0.0,0.0,0.125490203499794,0.03529411926865578
nongfu,68.7_3_0,68.7,3,0,31,1564545397200.0,1.0,1.0,0.09019608050584793,0.003921568859368563,0.6549019813537598,0.7764706015586853,0.0,0.0,0.32156863808631897,0.20000000298023224,0.0,0.0,0.1568627506494522,0.16862745583057404,0.10980392247438431,0.01568627543747425,0.7333333492279053,0.8352941274642944,0.14509804546833038,0.05882352963089943,0.12941177189350128,0.250980406999588,0.03921568766236305,0.0313725508749485,0.37254902720451355,0.250980406999588,0.062745101749897,0.04313725605607033,0.2078431397676468,0.21960784494876862,0.21960784494876862,0.125490203499794,0.7764706015586853,0.8784313797950745,0.14901961386203766,0.062745101749897,0.1725490242242813,0.29411765933036804,0.04313725605607033,0.03529411926865578,0.15294118225574493,0.0313725508749485,0.0,0.0,0.0,0.0,0.13333334028720856,0.03921568766236305
nongfu,68.7_3_0,68.7,3,0,32,1564545397215.0,1.0,1.0,0.10980392247438431,0.0,0.6352941393852234,0.7647058963775635,0.0,0.0,0.364705890417099,0.23529411852359772,0.0,0.0,0.16078431904315948,0.16862745583057404,0.13333334028720856,0.019607843831181526,0.7372549176216125,0.843137264251709,0.1764705926179886,0.054901961237192154,0.12941177189350128,0.25882354378700256,0.027450980618596077,0.04313725605607033,0.45098039507865906,0.32156863808631897,0.07450980693101883,0.06666667014360428,0.24705882370471954,0.2549019753932953,0.23529411852359772,0.12156862765550613,0.7529411911964417,0.8588235378265381,0.14509804546833038,0.0235294122248888,0.14509804546833038,0.27450981736183167,0.0,0.0117647061124444,0.19607843458652496,0.06666667014360428,0.0,0.0,0.0,0.0,0.12941177189350128,0.01568627543747425
nongfu,68.7_3_0,68.7,3,0,33,1564545397230.0,1.0,1.0,0.0941176488995552,0.0,0.6509804129600525,0.7843137383460999,0.0,0.0,0.3803921639919281,0.26274511218070984,0.0,0.0,0.1764705926179886,0.1764705926179886,0.10980392247438431,0.007843137718737125,0.7372549176216125,0.8235294222831726,0.1411764770746231,0.0470588244497776,0.11764705926179886,0.250980406999588,0.01568627543747425,0.027450980618596077,0.4274509847164154,0.30980393290519714,0.07058823853731155,0.054901961237192154,0.2235294133424759,0.2235294133424759,0.21960784494876862,0.11764705926179886,0.7529411911964417,0.8392156958580017,0.13333334028720856,0.03921568766236305,0.13333334028720856,0.2666666805744171,0.007843137718737125,0.019607843831181526,0.18431372940540314,0.06666667014360428,0.0,0.0,0.0,0.0,0.12941177189350128,0.027450980618596077
nongfu,68.7_3_0,68.7,3,0,34,1564545397245.0,1.0,1.0,0.0784313753247261,0.0,0.6509804129600525,0.7921568751335144,0.0,0.0,0.45098039507865906,0.30588236451148987,0.0,0.0,0.20392157137393951,0.2235294133424759,0.125490203499794,0.007843137718737125,0.7333333492279053,0.8392156958580017,0.15294118225574493,0.04313725605607033,0.12156862765550613,0.26274511218070984,0.0235294122248888,0.0470588244497776,0.47843137383461,0.3333333432674408,0.0784313753247261,0.062745101749897,0.23137255012989044,0.250980406999588,0.2549019753932953,0.13725490868091583,0.7215686440467834,0.8274509906768799,0.12941177189350128,0.019607843831181526,0.10980392247438431,0.250980406999588,0.0,0.0235294122248888,0.21568627655506134,0.07058823853731155,0.0,0.0,0.0,0.0,0.1411764770746231,0.0235294122248888
nongfu,68.7_3_0,68.7,3,0,35,1564545397261.0,1.0,1.0,0.09019608050584793,0.003921568859368563,0.658823549747467,0.7411764860153198,0.0,0.0,0.5607843399047852,0.4274509847164154,0.0,0.0,0.24705882370471954,0.27450981736183167,0.15294118225574493,0.0,0.7372549176216125,0.8509804010391235,0.14901961386203766,0.062745101749897,0.14509804546833038,0.22745098173618317,0.027450980618596077,0.027450980618596077,0.545098066329956,0.4117647111415863,0.07450980693101883,0.07450980693101883,0.23137255012989044,0.25882354378700256,0.2823529541492462,0.11764705926179886,0.7058823704719543,0.8196078538894653,0.13725490868091583,0.05098039284348488,0.11372549086809158,0.19607843458652496,0.01568627543747425,0.01568627543747425,0.2549019753932953,0.12156862765550613,0.0,0.0,0.0,0.0,0.16078431904315948,0.0
nongfu,68.7_3_0,68.7,3,0,36,1564545397276.0,1.0,1.0,0.05882352963089943,0.0,0.6705882549285889,0.7529411911964417,0.0,0.0,0.6117647290229797,0.4274509847164154,0.0,0.0,0.250980406999588,0.2705882489681244,0.13333334028720856,0.007843137718737125,0.7254902124404907,0.843137264251709,0.13333334028720856,0.0470588244497776,0.1411764770746231,0.2235294133424759,0.03921568766236305,0.04313725605607033,0.5686274766921997,0.3843137323856354,0.07450980693101883,0.05882352963089943,0.2078431397676468,0.22745098173618317,0.2705882489681244,0.14509804546833038,0.7137255072593689,0.8313725590705872,0.10980392247438431,0.0235294122248888,0.12941177189350128,0.21176470816135406,0.01568627543747425,0.019607843831181526,0.30980393290519714,0.125490203499794,0.0,0.0,0.0,0.0,0.1411764770746231,0.01568627543747425
nongfu,68.7_3_0,68.7,3,0,37,1564545397291.0,1.0,1.0,0.0941176488995552,0.003921568859368563,0.6509804129600525,0.6509804129600525,0.0,0.0,0.7843137383460999,0.5607843399047852,0.0,0.0,0.3333333432674408,0.3803921639919281,0.14901961386203766,0.0,0.7529411911964417,0.8588235378265381,0.1411764770746231,0.05098039284348488,0.1764705926179886,0.1764705926179886,0.0313725508749485,0.0313725508749485,0.658823549747467,0.43529412150382996,0.07450980693101883,0.08235294371843338,0.2078431397676468,0.2549019753932953,0.29411765933036804,0.14509804546833038,0.686274528503418,0.7921568751335144,0.1411764770746231,0.05098039284348488,0.10980392247438431,0.10980392247438431,0.0313725508749485,0.0313725508749485,0.364705890417099,0.1411764770746231,0.0,0.0,0.0,0.0,0.16078431904315948,0.0117647061124444
nongfu,68.7_3_0,68.7,3,0,38,1564545397306.0,1.0,1.0,0.12941177189350128,0.0235294122248888,0.5843137502670288,0.5764706134796143,0.0,0.019607843831181526,0.8470588326454163,0.5764706134796143,0.0,0.0,0.3764705955982208,0.40784314274787903,0.18039216101169586,0.027450980618596077,0.7803921699523926,0.8392156958580017,0.13333334028720856,0.027450980618596077,0.1921568661928177,0.18431372940540314,0.003921568859368563,0.0235294122248888,0.6784313917160034,0.40784314274787903,0.07450980693101883,0.05882352963089943,0.2078431397676468,0.239215686917305,0.3019607961177826,0.14901961386203766,0.6901960968971252,0.7490196228027344,0.1411764770746231,0.03529411926865578,0.10196078568696976,0.0941176488995552,0.0117647061124444,0.0313725508749485,0.4117647111415863,0.1411764770746231,0.0,0.0,0.0,0.0,0.16862745583057404,0.01568627543747425
nongfu,68.7_3_0,68.7,3,0,39,1564545397321.0,1.0,1.0,0.13725490868091583,0.04313725605607033,0.5254902243614197,0.5058823823928833,0.019607843831181526,0.027450980618596077,0.8156862854957581,0.572549045085907,0.0,0.0,0.3764705955982208,0.38823530077934265,0.16862745583057404,0.027450980618596077,0.8078431487083435,0.772549033164978,0.11372549086809158,0.019607843831181526,0.2078431397676468,0.1882352977991104,0.0,0.003921568859368563,0.6313725709915161,0.38823530077934265,0.062745101749897,0.05098039284348488,0.1921568661928177,0.20392157137393951,0.2705882489681244,0.12941177189350128,0.7019608020782471,0.6666666865348816,0.12156862765550613,0.027450980618596077,0.10196078568696976,0.08235294371843338,0.003921568859368563,0.0117647061124444,0.4117647111415863,0.16862745583057404,0.0,0.0,0.0,0.0,0.16470588743686676,0.0235294122248888
nongfu,68.7_3_0,68.7,3,0,40,1564545397336.0,1.0,1.0,0.13725490868091583,0.0470588244497776,0.5215686559677124,0.5254902243614197,0.027450980618596077,0.01568627543747425,0.7607843279838562,0.5843137502670288,0.0,0.0,0.4000000059604645,0.42352941632270813,0.1882352977991104,0.0235294122248888,0.8196078538894653,0.8039215803146362,0.13725490868091583,0.0470588244497776,0.239215686917305,0.24313725531101227,0.027450980618596077,0.01568627543747425,0.5843137502670288,0.40784314274787903,0.05882352963089943,0.0784313753247261,0.2235294133424759,0.24705882370471954,0.29019609093666077,0.125490203499794,0.6705882549285889,0.6549019813537598,0.13725490868091583,0.0470588244497776,0.09019608050584793,0.0941176488995552,0.027450980618596077,0.01568627543747425,0.3294117748737335,0.15294118225574493,0.0,0.0,0.0,0.0,0.18431372940540314,0.019607843831181526
nongfu,68.7_3_0,68.7,3,0,41,1564545397352.0,1.0,1.0,0.125490203499794,0.05098039284348488,0.5333333611488342,0.5333333611488342,0.027450980618596077,0.0117647061124444,0.729411780834198,0.5921568870544434,0.0,0.0,0.40392157435417175,0.4156862795352936,0.18431372940540314,0.04313725605607033,0.7882353067398071,0.6941176652908325,0.10588235408067703,0.0313725508749485,0.21568627655506134,0.21568627655506134,0.007843137718737125,0.0,0.49803921580314636,0.3607843220233917,0.03921568766236305,0.05882352963089943,0.1725490242242813,0.18431372940540314,0.2549019753932953,0.11372549086809158,0.7137255072593689,0.6196078658103943,0.12156862765550613,0.0470588244497776,0.1411764770746231,0.1411764770746231,0.0235294122248888,0.007843137718737125,0.32549020648002625,0.1882352977991104,0.0,0.0,0.0,0.0117647061124444,0.16862745583057404,0.027450980618596077
nongfu,68.7_3_0,68.7,3,0,42,1564545397367.0,1.0,1.0,0.11764705926179886,0.0117647061124444,0.5686274766921997,0.5411764979362488,0.007843137718737125,0.0117647061124444,0.7215686440467834,0.6627451181411743,0.0,0.0,0.43529412150382996,0.41960784792900085,0.15294118225574493,0.03921568766236305,0.7450980544090271,0.6705882549285889,0.12941177189350128,0.0235294122248888,0.21176470816135406,0.18431372940540314,0.019607843831181526,0.0235294122248888,0.47058823704719543,0.4117647111415863,0.06666667014360428,0.04313725605607033,0.18431372940540314,0.16862745583057404,0.2666666805744171,0.15294118225574493,0.6705882549285889,0.5960784554481506,0.16470588743686676,0.05882352963089943,0.13725490868091583,0.10980392247438431,0.054901961237192154,0.05882352963089943,0.2980392277240753,0.239215686917305,0.0,0.0,0.0117647061124444,0.0,0.1882352977991104,0.07450980693101883
nongfu,68.7_3_0,68.7,3,0,43,1564545397382.0,1.0,0.9921568632125854,0.11764705926179886,0.027450980618596077,0.5333333611488342,0.5137255191802979,0.007843137718737125,0.0117647061124444,0.6509804129600525,0.615686297416687,0.0,0.0,0.4117647111415863,0.4000000059604645,0.1882352977991104,0.05098039284348488,0.7686274647712708,0.6980392336845398,0.13725490868091583,0.0470588244497776,0.239215686917305,0.21960784494876862,0.027450980618596077,0.0313725508749485,0.43921568989753723,0.40392157435417175,0.062745101749897,0.04313725605607033,0.20000000298023224,0.1882352977991104,0.29019609093666077,0.15294118225574493,0.6784313917160034,0.6078431606292725,0.14901961386203766,0.05882352963089943,0.14901961386203766,0.12941177189350128,0.03921568766236305,0.04313725605607033,0.25882354378700256,0.2235294133424759,0.0,0.0,0.019607843831181526,0.007843137718737125,0.1921568661928177,0.054901961237192154
nongfu,68.7_3_0,68.7,3,0,44,1564545397397.0,0.9686274528503418,0.9333333373069763,0.08627451211214066,0.007843137718737125,0.5607843399047852,0.529411792755127,0.003921568859368563,0.0,0.658823549747467,0.6235294342041016,0.0,0.0,0.4470588266849518,0.4156862795352936,0.14509804546833038,0.027450980618596077,0.6117647290229797,0.5764706134796143,0.10980392247438431,0.0313725508749485,0.20392157137393951,0.1725490242242813,0.027450980618596077,0.0235294122248888,0.3843137323856354,0.3490196168422699,0.06666667014360428,0.05098039284348488,0.1725490242242813,0.1411764770746231,0.25882354378700256,0.1411764770746231,0.6000000238418579,0.5647059082984924,0.10196078568696976,0.0235294122248888,0.1921568661928177,0.16078431904315948,0.019607843831181526,0.01568627543747425,0.2823529541492462,0.24705882370471954,0.0,0.0,0.07058823853731155,0.03921568766236305,0.14901961386203766,0.0313725508749485
nongfu,68.7_3_0,68.7,3,0,45,1564545397412.0,0.9843137264251709,0.9529411792755127,0.0784313753247261,0.0,0.5568627715110779,0.5137255191802979,0.0,0.0,0.6549019813537598,0.6549019813537598,0.0,0.0,0.45098039507865906,0.4588235318660736,0.16078431904315948,0.019607843831181526,0.6784313917160034,0.6470588445663452,0.13725490868091583,0.0470588244497776,0.250980406999588,0.2078431397676468,0.04313725605607033,0.05098039284348488,0.3960784375667572,0.3960784375667572,0.07450980693101883,0.05098039284348488,0.1921568661928177,0.20000000298023224,0.27843138575553894,0.13725490868091583,0.6274510025978088,0.5960784554481506,0.10980392247438431,0.019607843831181526,0.20000000298023224,0.1568627506494522,0.01568627543747425,0.0235294122248888,0.25882354378700256,0.25882354378700256,0.0,0.0,0.054901961237192154,0.062745101749897,0.16862745583057404,0.027450980618596077
nongfu,68.7_3_0,68.7,3,0,46,1564545397428.0,0.9215686321258545,0.8823529481887817,0.08235294371843338,0.01568627543747425,0.5215686559677124,0.4941176474094391,0.0,0.0,0.5960784554481506,0.5882353186607361,0.0,0.0,0.40784314274787903,0.38823530077934265,0.16078431904315948,0.03529411926865578,0.658823549747467,0.6196078658103943,0.12941177189350128,0.062745101749897,0.25882354378700256,0.23137255012989044,0.0470588244497776,0.0313725508749485,0.3803921639919281,0.37254902720451355,0.05882352963089943,0.05098039284348488,0.1921568661928177,0.1725490242242813,0.2549019753932953,0.12941177189350128,0.5921568870544434,0.5529412031173706,0.09019608050584793,0.0235294122248888,0.1921568661928177,0.16470588743686676,0.007843137718737125,0.0,0.25882354378700256,0.250980406999588,0.0,0.0,0.07058823853731155,0.05098039284348488,0.16078431904315948,0.03529411926865578
nongfu,68.7_3_0,68.7,3,0,47,1564545397443.0,0.8549019694328308,0.8666666746139526,0.062745101749897,0.0,0.5529412031173706,0.5176470875740051,0.0,0.0,0.6274510025978088,0.6549019813537598,0.0,0.0,0.43921568989753723,0.4431372582912445,0.16862745583057404,0.01568627543747425,0.5215686559677124,0.5333333611488342,0.12156862765550613,0.0470588244497776,0.21960784494876862,0.18431372940540314,0.0313725508749485,0.05098039284348488,0.34117648005485535,0.3686274588108063,0.07450980693101883,0.05882352963089943,0.15294118225574493,0.1568627506494522,0.2705882489681244,0.11764705926179886,0.5333333611488342,0.545098066329956,0.10196078568696976,0.027450980618596077,0.23137255012989044,0.19607843458652496,0.0117647061124444,0.0313725508749485,0.2666666805744171,0.29411765933036804,0.0,0.0,0.0784313753247261,0.08235294371843338,0.16470588743686676,0.0117647061124444
nongfu,68.7_3_0,68.7,3,0,48,1564545397458.0,0.8705882430076599,0.8549019694328308,0.08235294371843338,0.007843137718737125,0.5176470875740051,0.5058823823928833,0.0,0.0,0.5921568870544434,0.6235294342041016,0.0,0.0,0.4117647111415863,0.40784314274787903,0.18039216101169586,0.03529411926865578,0.6235294342041016,0.6078431606292725,0.13333334028720856,0.05882352963089943,0.2705882489681244,0.25882354378700256,0.03529411926865578,0.0313725508749485,0.3803921639919281,0.4117647111415863,0.0784313753247261,0.05882352963089943,0.20000000298023224,0.19607843458652496,0.2823529541492462,0.13725490868091583,0.5568627715110779,0.5411764979362488,0.0941176488995552,0.019607843831181526,0.20392157137393951,0.1921568661928177,0.0,0.0,0.2705882489681244,0.3019607961177826,0.0,0.0,0.09019608050584793,0.08627451211214066,0.18431372940540314,0.03921568766236305
nongfu,68.7_3_0,68.7,3,0,49,1564545397473.0,0.8117647171020508,0.8156862854957581,0.04313725605607033,0.0,0.545098066329956,0.5254902243614197,0.0,0.0,0.6196078658103943,0.6392157077789307,0.0,0.0,0.4313725531101227,0.4117647111415863,0.16470588743686676,0.03529411926865578,0.501960813999176,0.5058823823928833,0.10980392247438431,0.054901961237192154,0.23529411852359772,0.21568627655506134,0.04313725605607033,0.03921568766236305,0.3333333432674408,0.3529411852359772,0.06666667014360428,0.054901961237192154,0.14509804546833038,0.125490203499794,0.26274511218070984,0.13333334028720856,0.5215686559677124,0.5254902243614197,0.0784313753247261,0.0235294122248888,0.2549019753932953,0.23529411852359772,0.0117647061124444,0.007843137718737125,0.27450981736183167,0.29411765933036804,0.0,0.0,0.08627451211214066,0.06666667014360428,0.14901961386203766,0.019607843831181526
nongfu,68.7_3_0,68.7,3,0,50,1564545397488.0,0.8156862854957581,0.7803921699523926,0.062745101749897,0.0,0.5568627715110779,0.5686274766921997,0.0,0.0,0.6313725709915161,0.6549019813537598,0.0,0.0,0.4313725531101227,0.4431372582912445,0.16078431904315948,0.03529411926865578,0.5058823823928833,0.47058823704719543,0.12156862765550613,0.05098039284348488,0.24705882370471954,0.25882354378700256,0.05098039284348488,0.03529411926865578,0.3686274588108063,0.3921568691730499,0.0941176488995552,0.05882352963089943,0.16862745583057404,0.18039216101169586,0.2823529541492462,0.1568627506494522,0.4901960790157318,0.45490196347236633,0.0941176488995552,0.0235294122248888,0.23137255012989044,0.24313725531101227,0.0235294122248888,0.007843137718737125,0.2666666805744171,0.29019609093666077,0.0,0.0,0.06666667014360428,0.0784313753247261,0.16078431904315948,0.03529411926865578
nongfu,68.7_3_0,68.7,3,0,51,1564545397503.0,0.8117647171020508,0.7686274647712708,0.03921568766236305,0.0,0.5647059082984924,0.5803921818733215,0.0,0.0,0.5843137502670288,0.5686274766921997,0.0,0.0,0.38823530077934265,0.43529412150382996,0.14509804546833038,0.0117647061124444,0.5333333611488342,0.4901960790157318,0.10980392247438431,0.05882352963089943,0.2862745225429535,0.3019607961177826,0.0470588244497776,0.062745101749897,0.35686275362968445,0.34117648005485535,0.10980392247438431,0.05882352963089943,0.16078431904315948,0.2078431397676468,0.27450981736183167,0.1411764770746231,0.5098039507865906,0.46666666865348816,0.0470588244497776,0.0,0.26274511218070984,0.27843138575553894,0.0,0.0,0.27843138575553894,0.26274511218070984,0.0,0.0,0.08235294371843338,0.12941177189350128,0.15294118225574493,0.019607843831181526
nongfu,68.7_3_0,68.7,3,0,52,1564545397519.0,0.7568627595901489,0.7019608020782471,0.062745101749897,0.003921568859368563,0.6000000238418579,0.6627451181411743,0.0,0.019607843831181526,0.6078431606292725,0.5960784554481506,0.003921568859368563,0.0,0.4156862795352936,0.4274509847164154,0.13725490868091583,0.027450980618596077,0.4000000059604645,0.3450980484485626,0.09019608050584793,0.0313725508749485,0.24313725531101227,0.30588236451148987,0.0235294122248888,0.0470588244497776,0.3176470696926117,0.30588236451148987,0.10588235408067703,0.04313725605607033,0.125490203499794,0.13725490868091583,0.239215686917305,0.12941177189350128,0.41960784792900085,0.364705890417099,0.05882352963089943,0.0,0.26274511218070984,0.32549020648002625,0.0,0.01568627543747425,0.2823529541492462,0.2705882489681244,0.007843137718737125,0.0,0.09019608050584793,0.10196078568696976,0.1411764770746231,0.0313725508749485
nongfu,68.7_3_0,68.7,3,0,53,1564545397534.0,0.772549033164978,0.6666666865348816,0.0313725508749485,0.0,0.6392157077789307,0.729411780834198,0.0,0.007843137718737125,0.5960784554481506,0.615686297416687,0.0,0.0,0.43921568989753723,0.4588235318660736,0.1725490242242813,0.027450980618596077,0.4470588266849518,0.34117648005485535,0.0784313753247261,0.0470588244497776,0.3137255012989044,0.40392157435417175,0.0470588244497776,0.054901961237192154,0.3333333432674408,0.3529411852359772,0.10588235408067703,0.05882352963089943,0.1764705926179886,0.19607843458652496,0.29019609093666077,0.14509804546833038,0.4313725531101227,0.32549020648002625,0.03921568766236305,0.007843137718737125,0.2980392277240753,0.38823530077934265,0.007843137718737125,0.01568627543747425,0.2666666805744171,0.2862745225429535,0.003921568859368563,0.0,0.10980392247438431,0.12941177189350128,0.1882352977991104,0.04313725605607033
nongfu,68.7_3_0,68.7,3,0,54,1564545397549.0,0.7098039388656616,0.658823549747467,0.019607843831181526,0.003921568859368563,0.6627451181411743,0.7450980544090271,0.007843137718737125,0.0,0.6000000238418579,0.5764706134796143,0.0,0.0,0.3960784375667572,0.4431372582912445,0.16078431904315948,0.0235294122248888,0.3607843220233917,0.30980393290519714,0.062745101749897,0.0470588244497776,0.3137255012989044,0.3960784375667572,0.05098039284348488,0.03921568766236305,0.3294117748737335,0.30588236451148987,0.08235294371843338,0.054901961237192154,0.125490203499794,0.1725490242242813,0.27843138575553894,0.1411764770746231,0.3843137323856354,0.3333333432674408,0.03921568766236305,0.0235294122248888,0.33725491166114807,0.41960784792900085,0.027450980618596077,0.01568627543747425,0.2666666805744171,0.24313725531101227,0.0,0.0,0.062745101749897,0.10980392247438431,0.16862745583057404,0.0313725508749485
nongfu,68.7_3_0,68.7,3,0,55,1564545397564.0,0.6313725709915161,0.6823529601097107,0.0313725508749485,0.0117647061124444,0.7176470756530762,0.8117647171020508,0.0235294122248888,0.0117647061124444,0.6117647290229797,0.6392157077789307,0.01568627543747425,0.0,0.41960784792900085,0.4431372582912445,0.16078431904315948,0.0470588244497776,0.250980406999588,0.3019607961177826,0.05098039284348488,0.0313725508749485,0.33725491166114807,0.4313725531101227,0.04313725605607033,0.0313725508749485,0.3019607961177826,0.3294117748737335,0.10980392247438431,0.0470588244497776,0.10980392247438431,0.13333334028720856,0.2549019753932953,0.1411764770746231,0.2862745225429535,0.33725491166114807,0.027450980618596077,0.007843137718737125,0.37254902720451355,0.46666666865348816,0.019607843831181526,0.007843137718737125,0.27450981736183167,0.3019607961177826,0.0235294122248888,0.0,0.08235294371843338,0.10588235408067703,0.16862745583057404,0.054901961237192154
nongfu,68.7_3_0,68.7,3,0,56,1564545397579.0,0.6235294342041016,0.6705882549285889,0.007843137718737125,0.0117647061124444,0.7607843279838562,0.8784313797950745,0.0235294122248888,0.0,0.6078431606292725,0.5921568870544434,0.0235294122248888,0.0,0.43921568989753723,0.46666666865348816,0.1568627506494522,0.0313725508749485,0.2666666805744171,0.3137255012989044,0.0470588244497776,0.05098039284348488,0.40392157435417175,0.5215686559677124,0.062745101749897,0.027450980618596077,0.3294117748737335,0.3137255012989044,0.13725490868091583,0.05882352963089943,0.16078431904315948,0.1882352977991104,0.2705882489681244,0.14509804546833038,0.2862745225429535,0.3333333432674408,0.0117647061124444,0.01568627543747425,0.42352941632270813,0.5411764979362488,0.027450980618596077,0.0,0.25882354378700256,0.24313725531101227,0.01568627543747425,0.0,0.09019608050584793,0.11764705926179886,0.14901961386203766,0.0235294122248888
nongfu,68.7_3_0,68.7,3,0,57,1564545397594.0,0.5607843399047852,0.6666666865348816,0.0313725508749485,0.0313725508749485,0.7921568751335144,0.9019607901573181,0.0470588244497776,0.007843137718737125,0.5843137502670288,0.5411764979362488,0.007843137718737125,0.0,0.4156862795352936,0.4470588266849518,0.18431372940540314,0.0470588244497776,0.18039216101169586,0.2862745225429535,0.0313725508749485,0.0313725508749485,0.4117647111415863,0.5215686559677124,0.0470588244497776,0.007843137718737125,0.27450981736183167,0.23137255012989044,0.07450980693101883,0.03921568766236305,0.10588235408067703,0.13725490868091583,0.250980406999588,0.11372549086809158,0.2078431397676468,0.3137255012989044,0.0,0.0,0.43921568989753723,0.5490196347236633,0.01568627543747425,0.0,0.25882354378700256,0.21568627655506134,0.003921568859368563,0.0,0.09019608050584793,0.12156862765550613,0.18039216101169586,0.04313725605607033
nongfu,68.7_3_0,68.7,3,0,58,1564545397610.0,0.5882353186607361,0.6941176652908325,0.027450980618596077,0.03921568766236305,0.8901960849761963,1.0,0.05098039284348488,0.01568627543747425,0.6196078658103943,0.5843137502670288,0.0117647061124444,0.0,0.4313725531101227,0.45490196347236633,0.1882352977991104,0.0313725508749485,0.18431372940540314,0.29019609093666077,0.027450980618596077,0.03921568766236305,0.48627451062202454,0.6705882549285889,0.05098039284348488,0.01568627543747425,0.30980393290519714,0.27450981736183167,0.10588235408067703,0.054901961237192154,0.12156862765550613,0.14509804546833038,0.2823529541492462,0.125490203499794,0.16470588743686676,0.2705882489681244,0.0,0.0,0.46666666865348816,0.6509804129600525,0.003921568859368563,0.0,0.25882354378700256,0.2235294133424759,0.019607843831181526,0.0,0.07058823853731155,0.0941176488995552,0.19607843458652496,0.03921568766236305
nongfu,68.7_3_0,68.7,3,0,59,1564545397625.0,0.5882353186607361,0.686274528503418,0.019607843831181526,0.027450980618596077,0.9450980424880981,1.0,0.05882352963089943,0.019607843831181526,0.572549045085907,0.5372549295425415,0.0,0.0,0.4470588266849518,0.47843137383461,0.1921568661928177,0.0235294122248888,0.1921568661928177,0.29019609093666077,0.0235294122248888,0.0313725508749485,0.5490196347236633,0.772549033164978,0.062745101749897,0.0235294122248888,0.27843138575553894,0.24313725531101227,0.09019608050584793,0.05882352963089943,0.15294118225574493,0.18431372940540314,0.29411765933036804,0.125490203499794,0.14509804546833038,0.24313725531101227,0.0,0.0,0.501960813999176,0.7254902124404907,0.0,0.0,0.19607843458652496,0.16078431904315948,0.0,0.0,0.07058823853731155,0.10196078568696976,0.1882352977991104,0.019607843831181526
nongfu,68.7_3_0,68.7,3,0,60,1564545397640.0,0.6039215922355652,0.7019608020782471,0.04313725605607033,0.03921568766236305,1.0,1.0,0.03921568766236305,0.0235294122248888,0.5843137502670288,0.529411792755127,0.003921568859368563,0.0,0.4313725531101227,0.48235294222831726,0.1764705926179886,0.04313725605607033,0.1921568661928177,0.29019609093666077,0.01568627543747425,0.0117647061124444,0.5921568870544434,0.8039215803146362,0.0117647061124444,0.0,0.2666666805744171,0.21176470816135406,0.09019608050584793,0.03529411926865578,0.11372549086809158,0.16470588743686676,0.26274511218070984,0.12941177189350128,0.07450980693101883,0.1725490242242813,0.04313725605607033,0.03921568766236305,0.4745098054409027,0.686274528503418,0.03921568766236305,0.0235294122248888,0.1921568661928177,0.13725490868091583,0.04313725605607033,0.0,0.03921568766236305,0.09019608050584793,0.21568627655506134,0.08235294371843338
nongfu,68.7_3_0,68.7,3,0,61,1564545397655.0,0.6078431606292725,0.7137255072593689,0.05098039284348488,0.0470588244497776,1.0,1.0,0.0784313753247261,0.03921568766236305,0.5921568870544434,0.545098066329956,0.0,0.0,0.4627451002597809,0.5058823823928833,0.21960784494876862,0.0313725508749485,0.1921568661928177,0.2980392277240753,0.0117647061124444,0.007843137718737125,0.7450980544090271,0.843137264251709,0.03921568766236305,0.0,0.27843138575553894,0.23137255012989044,0.05882352963089943,0.03529411926865578,0.14901961386203766,0.1921568661928177,0.3019607961177826,0.11372549086809158,0.027450980618596077,0.13333334028720856,0.04313725605607033,0.03921568766236305,0.5803921818733215,0.6784313917160034,0.07058823853731155,0.0313725508749485,0.18039216101169586,0.13333334028720856,0.0,0.0,0.05098039284348488,0.0941176488995552,0.24313725531101227,0.054901961237192154
nongfu,68.7_3_0,68.7,3,0,62,1564545397670.0,0.615686297416687,0.7215686440467834,0.04313725605607033,0.062745101749897,1.0,1.0,0.08235294371843338,0.0313725508749485,0.5882353186607361,0.4745098054409027,0.0,0.0,0.46666666865348816,0.5176470875740051,0.20000000298023224,0.05882352963089943,0.19607843458652496,0.3019607961177826,0.0,0.01568627543747425,0.7803921699523926,0.8509804010391235,0.03529411926865578,0.0,0.2705882489681244,0.1568627506494522,0.062745101749897,0.04313725605607033,0.14901961386203766,0.20000000298023224,0.29019609093666077,0.14901961386203766,0.0,0.09803921729326248,0.04313725605607033,0.062745101749897,0.5764706134796143,0.6470588445663452,0.08235294371843338,0.0313725508749485,0.20392157137393951,0.09019608050584793,0.0,0.0,0.08235294371843338,0.13333334028720856,0.22745098173618317,0.08627451211214066
nongfu,68.7_3_0,68.7,3,0,63,1564545397685.0,0.615686297416687,0.7254902124404907,0.03921568766236305,0.03921568766236305,1.0,1.0,0.09019608050584793,0.03529411926865578,0.5607843399047852,0.48627451062202454,0.0,0.0,0.45098039507865906,0.49803921580314636,0.20392157137393951,0.04313725605607033,0.19607843458652496,0.30588236451148987,0.0,0.0,0.7764706015586853,0.8196078538894653,0.0470588244497776,0.0,0.239215686917305,0.16470588743686676,0.0470588244497776,0.0470588244497776,0.12941177189350128,0.1764705926179886,0.29411765933036804,0.13333334028720856,0.01568627543747425,0.125490203499794,0.05882352963089943,0.05882352963089943,0.5960784554481506,0.6392157077789307,0.10980392247438431,0.054901961237192154,0.18431372940540314,0.10980392247438431,0.0,0.0,0.07450980693101883,0.12156862765550613,0.2235294133424759,0.062745101749897
nongfu,68.7_3_0,68.7,3,0,64,1564545397701.0,0.615686297416687,0.7372549176216125,0.0470588244497776,0.062745101749897,1.0,1.0,0.062745101749897,0.027450980618596077,0.5490196347236633,0.47058823704719543,0.0,0.0,0.46666666865348816,0.5176470875740051,0.21176470816135406,0.0470588244497776,0.18039216101169586,0.3019607961177826,0.0,0.01568627543747425,0.7647058963775635,0.800000011920929,0.01568627543747425,0.0,0.23529411852359772,0.1568627506494522,0.0470588244497776,0.0470588244497776,0.15294118225574493,0.20392157137393951,0.3019607961177826,0.13725490868091583,0.062745101749897,0.18431372940540314,0.0470588244497776,0.062745101749897,0.6470588445663452,0.6823529601097107,0.062745101749897,0.027450980618596077,0.13725490868091583,0.05882352963089943,0.0,0.0,0.054901961237192154,0.10588235408067703,0.2235294133424759,0.05882352963089943
nongfu,68.7_3_0,68.7,3,0,65,1564545397716.0,0.6392157077789307,0.7803921699523926,0.04313725605607033,0.05098039284348488,1.0,1.0,0.03921568766236305,0.03529411926865578,0.529411792755127,0.4627451002597809,0.0,0.0,0.47843137383461,0.529411792755127,0.1764705926179886,0.04313725605607033,0.14509804546833038,0.2862745225429535,0.0,0.003921568859368563,0.7607843279838562,0.686274528503418,0.0,0.0,0.19607843458652496,0.12941177189350128,0.05882352963089943,0.0470588244497776,0.14509804546833038,0.19607843458652496,0.27450981736183167,0.1411764770746231,0.08627451211214066,0.22745098173618317,0.07450980693101883,0.08235294371843338,0.7019608020782471,0.6274510025978088,0.07058823853731155,0.06666667014360428,0.11372549086809158,0.0470588244497776,0.0,0.0,0.062745101749897,0.11372549086809158,0.1921568661928177,0.05882352963089943
nongfu,68.7_3_0,68.7,3,0,66,1564545397731.0,0.6627451181411743,0.772549033164978,0.05098039284348488,0.054901961237192154,1.0,1.0,0.03921568766236305,0.03529411926865578,0.529411792755127,0.47058823704719543,0.0,0.0,0.48235294222831726,0.5568627715110779,0.18431372940540314,0.0470588244497776,0.14901961386203766,0.25882354378700256,0.0,0.003921568859368563,0.7450980544090271,0.658823549747467,0.0,0.0,0.20000000298023224,0.1411764770746231,0.07058823853731155,0.05882352963089943,0.15294118225574493,0.22745098173618317,0.2823529541492462,0.14509804546833038,0.10980392247438431,0.21960784494876862,0.10196078568696976,0.10588235408067703,0.7058823704719543,0.6196078658103943,0.09019608050584793,0.08627451211214066,0.09803921729326248,0.03921568766236305,0.0,0.0,0.05098039284348488,0.125490203499794,0.20000000298023224,0.062745101749897
nongfu,68.7_3_0,68.7,3,0,67,1564545397746.0,0.7215686440467834,0.8156862854957581,0.05098039284348488,0.03529411926865578,1.0,1.0,0.007843137718737125,0.0117647061124444,0.4745098054409027,0.3529411852359772,0.0,0.0,0.4313725531101227,0.48235294222831726,0.18039216101169586,0.0235294122248888,0.11764705926179886,0.21176470816135406,0.0313725508749485,0.01568627543747425,0.7019608020782471,0.5490196347236633,0.0,0.0,0.239215686917305,0.11764705926179886,0.062745101749897,0.05098039284348488,0.19607843458652496,0.24705882370471954,0.29019609093666077,0.13333334028720856,0.125490203499794,0.21960784494876862,0.10980392247438431,0.0941176488995552,0.7098039388656616,0.5568627715110779,0.06666667014360428,0.07058823853731155,0.10588235408067703,0.0,0.0,0.0,0.062745101749897,0.11372549086809158,0.20000000298023224,0.04313725605607033
nongfu,68.7_3_0,68.7,3,0,68,1564545397761.0,0.7450980544090271,0.800000011920929,0.054901961237192154,0.0235294122248888,1.0,1.0,0.003921568859368563,0.003921568859368563,0.49803921580314636,0.40784314274787903,0.0,0.0,0.45098039507865906,0.47843137383461,0.16470588743686676,0.0,0.0941176488995552,0.14901961386203766,0.05098039284348488,0.019607843831181526,0.6823529601097107,0.43529412150382996,0.0,0.0,0.21568627655506134,0.125490203499794,0.07058823853731155,0.06666667014360428,0.16862745583057404,0.19607843458652496,0.30588236451148987,0.13725490868091583,0.1882352977991104,0.24313725531101227,0.10588235408067703,0.07450980693101883,0.7764706015586853,0.529411792755127,0.054901961237192154,0.054901961237192154,0.12156862765550613,0.0313725508749485,0.0,0.0,0.07450980693101883,0.10196078568696976,0.20392157137393951,0.03529411926865578
nongfu,68.7_3_0,68.7,3,0,69,1564545397777.0,0.7137255072593689,0.7450980544090271,0.054901961237192154,0.01568627543747425,1.0,1.0,0.0,0.0,0.5176470875740051,0.3843137323856354,0.0,0.0,0.4745098054409027,0.5490196347236633,0.19607843458652496,0.0,0.0941176488995552,0.125490203499794,0.07058823853731155,0.0313725508749485,0.686274528503418,0.43529412150382996,0.007843137718737125,0.003921568859368563,0.21176470816135406,0.0784313753247261,0.06666667014360428,0.08235294371843338,0.16862745583057404,0.24313725531101227,0.34117648005485535,0.13725490868091583,0.18431372940540314,0.21568627655506134,0.06666667014360428,0.027450980618596077,0.7764706015586853,0.5254902243614197,0.003921568859368563,0.0,0.12156862765550613,0.0,0.0,0.0,0.0784313753247261,0.15294118225574493,0.2078431397676468,0.003921568859368563
nongfu,68.7_3_0,68.7,3,0,70,1564545397792.0,0.7686274647712708,0.7254902124404907,0.0470588244497776,0.01568627543747425,1.0,1.0,0.0,0.0,0.47843137383461,0.30980393290519714,0.0,0.0,0.43529412150382996,0.46666666865348816,0.1568627506494522,0.0,0.07450980693101883,0.0313725508749485,0.06666667014360428,0.03529411926865578,0.5137255191802979,0.3294117748737335,0.007843137718737125,0.01568627543747425,0.23529411852359772,0.06666667014360428,0.08627451211214066,0.06666667014360428,0.1921568661928177,0.2235294133424759,0.3137255012989044,0.1568627506494522,0.239215686917305,0.19607843458652496,0.0784313753247261,0.0470588244497776,0.6784313917160034,0.4941176474094391,0.019607843831181526,0.027450980618596077,0.15294118225574493,0.0,0.0,0.0,0.10980392247438431,0.1411764770746231,0.1764705926179886,0.019607843831181526
nongfu,68.7_3_0,68.7,3,0,71,1564545397807.0,0.8078431487083435,0.7450980544090271,0.0313725508749485,0.0,1.0,1.0,0.0,0.0,0.4901960790157318,0.32549020648002625,0.0,0.0,0.43529412150382996,0.4901960790157318,0.16470588743686676,0.01568627543747425,0.05882352963089943,0.0,0.0941176488995552,0.0470588244497776,0.3921568691730499,0.2705882489681244,0.027450980618596077,0.027450980618596077,0.23137255012989044,0.06666667014360428,0.06666667014360428,0.054901961237192154,0.1764705926179886,0.23137255012989044,0.29411765933036804,0.14509804546833038,0.25882354378700256,0.19607843458652496,0.0941176488995552,0.0470588244497776,0.5921568870544434,0.47058823704719543,0.027450980618596077,0.027450980618596077,0.16862745583057404,0.003921568859368563,0.0,0.0,0.11372549086809158,0.16862745583057404,0.1725490242242813,0.0235294122248888
nongfu,68.7_3_0,68.7,3,0,72,1564545397822.0,0.7764706015586853,0.7921568751335144,0.05882352963089943,0.0117647061124444,1.0,0.9882352948188782,0.0,0.0,0.4901960790157318,0.3176470696926117,0.0,0.0,0.4627451002597809,0.529411792755127,0.1725490242242813,0.0,0.07450980693101883,0.09019608050584793,0.09803921729326248,0.05098039284348488,0.37254902720451355,0.2862745225429535,0.0235294122248888,0.01568627543747425,0.23137255012989044,0.05882352963089943,0.09019608050584793,0.0784313753247261,0.20392157137393951,0.2705882489681244,0.33725491166114807,0.16470588743686676,0.239215686917305,0.2549019753932953,0.10196078568696976,0.054901961237192154,0.5372549295425415,0.45098039507865906,0.027450980618596077,0.019607843831181526,0.14509804546833038,0.0,0.0,0.0,0.11764705926179886,0.18431372940540314,0.19607843458652496,0.0235294122248888
nongfu,68.7_3_0,68.7,3,0,73,1564545397837.0,0.8196078538894653,0.8627451062202454,0.0470588244497776,0.0,0.9450980424880981,0.9333333373069763,0.0,0.0,0.5137255191802979,0.3176470696926117,0.0,0.0,0.4274509847164154,0.49803921580314636,0.16470588743686676,0.003921568859368563,0.04313725605607033,0.08627451211214066,0.09803921729326248,0.0470588244497776,0.16862745583057404,0.1568627506494522,0.03529411926865578,0.0235294122248888,0.23137255012989044,0.03529411926865578,0.062745101749897,0.062745101749897,0.14509804546833038,0.21568627655506134,0.29411765933036804,0.13333334028720856,0.2823529541492462,0.32549020648002625,0.12941177189350128,0.0784313753247261,0.40784314274787903,0.3960784375667572,0.06666667014360428,0.054901961237192154,0.1764705926179886,0.0,0.0,0.0,0.09019608050584793,0.16078431904315948,0.18039216101169586,0.019607843831181526
nongfu,68.7_3_0,68.7,3,0,74,1564545397852.0,0.8313725590705872,0.9058823585510254,0.05882352963089943,0.0,0.9137254953384399,0.9372549057006836,0.0,0.0,0.5098039507865906,0.32156863808631897,0.0,0.0,0.45098039507865906,0.5137255191802979,0.16862745583057404,0.0117647061124444,0.0470588244497776,0.12156862765550613,0.09803921729326248,0.03921568766236305,0.12941177189350128,0.15294118225574493,0.03529411926865578,0.01568627543747425,0.21960784494876862,0.0313725508749485,0.05882352963089943,0.05098039284348488,0.16078431904315948,0.2235294133424759,0.27843138575553894,0.12156862765550613,0.29411765933036804,0.3686274588108063,0.13725490868091583,0.0784313753247261,0.3764705955982208,0.4000000059604645,0.07450980693101883,0.054901961237192154,0.1764705926179886,0.0,0.0,0.0,0.11764705926179886,0.18039216101169586,0.18039216101169586,0.0235294122248888
nongfu,68.7_3_0,68.7,3,0,75,1564545397868.0,0.8392156958580017,0.8941176533699036,0.07058823853731155,0.0,0.8705882430076599,0.9529411792755127,0.0,0.0,0.5176470875740051,0.32549020648002625,0.0,0.0,0.4470588266849518,0.48627451062202454,0.16862745583057404,0.027450980618596077,0.027450980618596077,0.08235294371843338,0.10588235408067703,0.027450980618596077,0.05882352963089943,0.1411764770746231,0.0235294122248888,0.01568627543747425,0.2078431397676468,0.01568627543747425,0.05098039284348488,0.04313725605607033,0.13725490868091583,0.1764705926179886,0.27843138575553894,0.13725490868091583,0.30980393290519714,0.364705890417099,0.16470588743686676,0.08627451211214066,0.34117648005485535,0.42352941632270813,0.08235294371843338,0.07450980693101883,0.1921568661928177,0.0,0.0,0.0,0.12156862765550613,0.16078431904315948,0.1921568661928177,0.05098039284348488
nongfu,68.7_3_0,68.7,3,0,76,1564545397883.0,0.8509804010391235,0.9176470637321472,0.054901961237192154,0.0,0.8470588326454163,0.95686274766922,0.0,0.0,0.5254902243614197,0.3490196168422699,0.0,0.0,0.4588235318660736,0.4941176474094391,0.1568627506494522,0.01568627543747425,0.019607843831181526,0.08627451211214066,0.10196078568696976,0.0235294122248888,0.01568627543747425,0.125490203499794,0.0235294122248888,0.019607843831181526,0.1882352977991104,0.0117647061124444,0.054901961237192154,0.03921568766236305,0.12156862765550613,0.1568627506494522,0.250980406999588,0.10980392247438431,0.30980393290519714,0.3764705955982208,0.14901961386203766,0.07058823853731155,0.30588236451148987,0.4156862795352936,0.07058823853731155,0.06666667014360428,0.18431372940540314,0.007843137718737125,0.0,0.0,0.11764705926179886,0.15294118225574493,0.16470588743686676,0.0235294122248888
nongfu,68.7_3_0,68.7,3,0,77,1564545397898.0,0.8549019694328308,0.9215686321258545,0.062745101749897,0.0,0.8666666746139526,0.9725490212440491,0.0,0.0,0.5411764979362488,0.364705890417099,0.0,0.0,0.4588235318660736,0.49803921580314636,0.14901961386203766,0.007843137718737125,0.003921568859368563,0.07058823853731155,0.09019608050584793,0.0117647061124444,0.01568627543747425,0.12156862765550613,0.01568627543747425,0.0117647061124444,0.18431372940540314,0.007843137718737125,0.05098039284348488,0.03921568766236305,0.10196078568696976,0.1411764770746231,0.24705882370471954,0.10588235408067703,0.30980393290519714,0.3764705955982208,0.15294118225574493,0.07450980693101883,0.32156863808631897,0.4274509847164154,0.0784313753247261,0.07450980693101883,0.20392157137393951,0.027450980618596077,0.0,0.0,0.12156862765550613,0.16078431904315948,0.1725490242242813,0.0313725508749485
nongfu,68.7_3_0,68.7,3,0,78,1564545397913.0,0.8509804010391235,0.9333333373069763,0.05882352963089943,0.0,0.8509804010391235,0.9607843160629272,0.0,0.0,0.5254902243614197,0.3450980484485626,0.0,0.0,0.45490196347236633,0.4901960790157318,0.14901961386203766,0.007843137718737125,0.019607843831181526,0.10196078568696976,0.0941176488995552,0.027450980618596077,0.019607843831181526,0.12941177189350128,0.0235294122248888,0.0117647061124444,0.1882352977991104,0.007843137718737125,0.06666667014360428,0.04313725605607033,0.11764705926179886,0.15294118225574493,0.25882354378700256,0.11764705926179886,0.3176470696926117,0.4000000059604645,0.15294118225574493,0.08627451211214066,0.3176470696926117,0.4274509847164154,0.08235294371843338,0.07058823853731155,0.1921568661928177,0.0117647061124444,0.0,0.0,0.12156862765550613,0.1568627506494522,0.1725490242242813,0.0313725508749485
nongfu,68.7_3_0,68.7,3,0,79,1564545397928.0,0.8588235378265381,0.9254902005195618,0.054901961237192154,0.0,0.8509804010391235,0.9686274528503418,0.0,0.0,0.529411792755127,0.35686275362968445,0.0,0.0,0.45490196347236633,0.4941176474094391,0.13725490868091583,0.007843137718737125,0.01568627543747425,0.08235294371843338,0.09019608050584793,0.01568627543747425,0.007843137718737125,0.125490203499794,0.0313725508749485,0.0117647061124444,0.1725490242242813,0.0,0.05882352963089943,0.03921568766236305,0.09803921729326248,0.13725490868091583,0.23529411852359772,0.10588235408067703,0.32156863808631897,0.38823530077934265,0.1568627506494522,0.08235294371843338,0.3137255012989044,0.4313725531101227,0.09803921729326248,0.0784313753247261,0.1921568661928177,0.019607843831181526,0.0,0.0,0.11764705926179886,0.1568627506494522,0.16078431904315948,0.0313725508749485
nongfu,68.7_3_0,68.7,3,0,80,1564545397943.0,0.8666666746139526,0.9333333373069763,0.05098039284348488,0.0,0.8666666746139526,0.9686274528503418,0.0,0.0,0.5372549295425415,0.3490196168422699,0.0,0.0,0.4588235318660736,0.47843137383461,0.14901961386203766,0.0,0.0117647061124444,0.0784313753247261,0.10588235408067703,0.0313725508749485,0.0117647061124444,0.11372549086809158,0.0313725508749485,0.0313725508749485,0.1764705926179886,0.0,0.054901961237192154,0.03921568766236305,0.09803921729326248,0.11764705926179886,0.24705882370471954,0.09803921729326248,0.3176470696926117,0.3843137323856354,0.1568627506494522,0.08235294371843338,0.3176470696926117,0.41960784792900085,0.08235294371843338,0.08235294371843338,0.1882352977991104,0.0,0.0,0.0,0.10980392247438431,0.12941177189350128,0.16470588743686676,0.01568627543747425
nongfu,68.7_3_0,68.7,3,0,81,1564545397959.0,0.8588235378265381,0.9058823585510254,0.0470588244497776,0.0,0.8588235378265381,0.9686274528503418,0.0,0.0,0.5137255191802979,0.34117648005485535,0.0,0.0,0.4313725531101227,0.45098039507865906,0.13725490868091583,0.0117647061124444,0.0117647061124444,0.05882352963089943,0.0941176488995552,0.019607843831181526,0.0117647061124444,0.12156862765550613,0.03921568766236305,0.019607843831181526,0.1725490242242813,0.0,0.0470588244497776,0.0313725508749485,0.09019608050584793,0.10980392247438431,0.21960784494876862,0.0941176488995552,0.3294117748737335,0.3764705955982208,0.1568627506494522,0.08235294371843338,0.3294117748737335,0.43921568989753723,0.10196078568696976,0.08235294371843338,0.19607843458652496,0.0235294122248888,0.0,0.0,0.11372549086809158,0.13333334028720856,0.15294118225574493,0.027450980618596077
nongfu,68.7_3_0,68.7,3,0,82,1564545397974.0,0.8627451062202454,0.9450980424880981,0.03921568766236305,0.0,0.8509804010391235,0.9686274528503418,0.0,0.0,0.5333333611488342,0.3607843220233917,0.0,0.0,0.48235294222831726,0.48235294222831726,0.1411764770746231,0.0117647061124444,0.0117647061124444,0.0941176488995552,0.08627451211214066,0.027450980618596077,0.0,0.11764705926179886,0.0470588244497776,0.007843137718737125,0.1725490242242813,0.0,0.054901961237192154,0.03921568766236305,0.12156862765550613,0.12156862765550613,0.239215686917305,0.10980392247438431,0.32156863808631897,0.40392157435417175,0.1411764770746231,0.08235294371843338,0.30980393290519714,0.4274509847164154,0.10196078568696976,0.062745101749897,0.1921568661928177,0.019607843831181526,0.0,0.0,0.1411764770746231,0.1411764770746231,0.16470588743686676,0.03529411926865578
nongfu,68.7_3_0,68.7,3,0,83,1564545397989.0,0.8549019694328308,0.9372549057006836,0.05882352963089943,0.0,0.8509804010391235,0.9764705896377563,0.0117647061124444,0.0,0.529411792755127,0.3490196168422699,0.0,0.0,0.4588235318660736,0.4627451002597809,0.13333334028720856,0.0117647061124444,0.01568627543747425,0.09803921729326248,0.0784313753247261,0.007843137718737125,0.0117647061124444,0.13725490868091583,0.0313725508749485,0.0,0.1764705926179886,0.0,0.054901961237192154,0.0313725508749485,0.10588235408067703,0.10980392247438431,0.21568627655506134,0.0941176488995552,0.30588236451148987,0.38823530077934265,0.15294118225574493,0.08235294371843338,0.3019607961177826,0.4274509847164154,0.10588235408067703,0.07450980693101883,0.18431372940540314,0.003921568859368563,0.0,0.0,0.11372549086809158,0.11764705926179886,0.1568627506494522,0.03529411926865578
nongfu,68.7_3_0,68.7,3,0,84,1564545398004.0,0.8627451062202454,0.8980392217636108,0.03921568766236305,0.0,0.8549019694328308,0.9764705896377563,0.003921568859368563,0.0,0.4941176474094391,0.3176470696926117,0.0,0.0,0.40392157435417175,0.4156862795352936,0.09803921729326248,0.0,0.007843137718737125,0.04313725605607033,0.06666667014360428,0.019607843831181526,0.0,0.12156862765550613,0.0313725508749485,0.0117647061124444,0.1764705926179886,0.0,0.05098039284348488,0.04313725605607033,0.08627451211214066,0.09803921729326248,0.2078431397676468,0.10196078568696976,0.33725491166114807,0.37254902720451355,0.12941177189350128,0.08235294371843338,0.3294117748737335,0.45098039507865906,0.0941176488995552,0.07450980693101883,0.20392157137393951,0.027450980618596077,0.0,0.0,0.11372549086809158,0.125490203499794,0.12156862765550613,0.01568627543747425
nongfu,68.7_3_0,68.7,3,0,85,1564545398019.0,0.8745098114013672,0.9529411792755127,0.03921568766236305,0.0,0.8745098114013672,0.9843137264251709,0.007843137718737125,0.0,0.5490196347236633,0.364705890417099,0.0,0.0,0.48235294222831726,0.47843137383461,0.12941177189350128,0.0,0.007843137718737125,0.08627451211214066,0.08627451211214066,0.03529411926865578,0.007843137718737125,0.11764705926179886,0.054901961237192154,0.007843137718737125,0.16862745583057404,0.0,0.062745101749897,0.03921568766236305,0.10196078568696976,0.09803921729326248,0.23529411852359772,0.10196078568696976,0.3176470696926117,0.3960784375667572,0.1411764770746231,0.09019608050584793,0.3176470696926117,0.4274509847164154,0.10980392247438431,0.062745101749897,0.19607843458652496,0.0117647061124444,0.0,0.0,0.12941177189350128,0.125490203499794,0.16078431904315948,0.027450980618596077
nongfu,68.7_3_0,68.7,3,0,86,1564545398035.0,0.8549019694328308,0.9333333373069763,0.0470588244497776,0.0,0.8588235378265381,0.9882352948188782,0.0,0.0,0.5254902243614197,0.3490196168422699,0.0,0.0,0.43921568989753723,0.43921568989753723,0.125490203499794,0.003921568859368563,0.003921568859368563,0.08235294371843338,0.07450980693101883,0.007843137718737125,0.007843137718737125,0.13725490868091583,0.0235294122248888,0.0117647061124444,0.16078431904315948,0.0,0.0470588244497776,0.03529411926865578,0.07450980693101883,0.07450980693101883,0.21568627655506134,0.0941176488995552,0.3137255012989044,0.3921568691730499,0.14509804546833038,0.0784313753247261,0.3176470696926117,0.4470588266849518,0.0941176488995552,0.08235294371843338,0.20000000298023224,0.0235294122248888,0.0,0.0,0.11372549086809158,0.11372549086809158,0.15294118225574493,0.0313725508749485
nongfu,68.7_3_0,68.7,3,0,87,1564545398050.0,0.8745098114013672,0.9215686321258545,0.05882352963089943,0.0,0.8705882430076599,0.9843137264251709,0.007843137718737125,0.0,0.5411764979362488,0.364705890417099,0.0,0.0,0.4588235318660736,0.47058823704719543,0.11764705926179886,0.0,0.003921568859368563,0.05098039284348488,0.08627451211214066,0.007843137718737125,0.0,0.11372549086809158,0.03529411926865578,0.01568627543747425,0.16078431904315948,0.0,0.05098039284348488,0.03529411926865578,0.0784313753247261,0.09019608050584793,0.2078431397676468,0.08235294371843338,0.3294117748737335,0.3764705955982208,0.16078431904315948,0.08235294371843338,0.32549020648002625,0.43921568989753723,0.10980392247438431,0.09019608050584793,0.19607843458652496,0.019607843831181526,0.0,0.0,0.11372549086809158,0.125490203499794,0.14509804546833038,0.019607843831181526
nongfu,68.7_3_0,68.7,3,0,88,1564545398065.0,0.8705882430076599,0.929411768913269,0.05882352963089943,0.0,0.8627451062202454,0.9764705896377563,0.0,0.0,0.5333333611488342,0.3607843220233917,0.0,0.0,0.4588235318660736,0.4745098054409027,0.1411764770746231,0.003921568859368563,0.01568627543747425,0.07450980693101883,0.08627451211214066,0.01568627543747425,0.007843137718737125,0.12156862765550613,0.0235294122248888,0.01568627543747425,0.16078431904315948,0.0,0.05882352963089943,0.03529411926865578,0.08627451211214066,0.10196078568696976,0.23137255012989044,0.0941176488995552,0.32156863808631897,0.3803921639919281,0.1568627506494522,0.08627451211214066,0.3137255012989044,0.4274509847164154,0.0941176488995552,0.08627451211214066,0.18431372940540314,0.0117647061124444,0.0,0.0,0.10980392247438431,0.125490203499794,0.16862745583057404,0.0313725508749485
nongfu,68.7_3_0,68.7,3,0,89,1564545398080.0,0.8509804010391235,0.9019607901573181,0.05098039284348488,0.007843137718737125,0.8470588326454163,0.9607843160629272,0.0117647061124444,0.0,0.47843137383461,0.3137255012989044,0.0,0.0,0.3843137323856354,0.41960784792900085,0.09019608050584793,0.0,0.01568627543747425,0.06666667014360428,0.05882352963089943,0.01568627543747425,0.0117647061124444,0.125490203499794,0.019607843831181526,0.007843137718737125,0.16862745583057404,0.003921568859368563,0.05098039284348488,0.04313725605607033,0.07450980693101883,0.10980392247438431,0.20392157137393951,0.10588235408067703,0.3294117748737335,0.3803921639919281,0.1411764770746231,0.09803921729326248,0.32549020648002625,0.43921568989753723,0.10196078568696976,0.09019608050584793,0.1882352977991104,0.0235294122248888,0.0,0.0,0.0941176488995552,0.12941177189350128,0.13333334028720856,0.03529411926865578
nongfu,68.7_3_0,68.7,3,0,90,1564545398095.0,0.8627451062202454,0.9529411792755127,0.0470588244497776,0.0,0.8549019694328308,0.9803921580314636,0.0117647061124444,0.0,0.5254902243614197,0.35686275362968445,0.0,0.0,0.4588235318660736,0.4627451002597809,0.13333334028720856,0.007843137718737125,0.007843137718737125,0.09803921729326248,0.07450980693101883,0.0117647061124444,0.0,0.125490203499794,0.03921568766236305,0.0,0.16078431904315948,0.0,0.0470588244497776,0.03529411926865578,0.0941176488995552,0.09803921729326248,0.2235294133424759,0.09803921729326248,0.3137255012989044,0.40392157435417175,0.14509804546833038,0.08235294371843338,0.30588236451148987,0.4313725531101227,0.10980392247438431,0.07058823853731155,0.1921568661928177,0.0235294122248888,0.0,0.0,0.125490203499794,0.12941177189350128,0.16078431904315948,0.03529411926865578
nongfu,68.7_3_0,68.7,3,0,91,1564545398110.0,0.8627451062202454,0.9372549057006836,0.04313725605607033,0.0,0.8588235378265381,0.9764705896377563,0.007843137718737125,0.0,0.5254902243614197,0.33725491166114807,0.0,0.0,0.4431372582912445,0.43921568989753723,0.11764705926179886,0.0,0.0117647061124444,0.08627451211214066,0.07058823853731155,0.019607843831181526,0.007843137718737125,0.125490203499794,0.03529411926865578,0.0117647061124444,0.16078431904315948,0.0,0.054901961237192154,0.0313725508749485,0.0784313753247261,0.07450980693101883,0.20392157137393951,0.08627451211214066,0.3176470696926117,0.3921568691730499,0.1411764770746231,0.09019608050584793,0.3137255012989044,0.4313725531101227,0.10588235408067703,0.08235294371843338,0.1921568661928177,0.003921568859368563,0.003921568859368563,0.0,0.10980392247438431,0.10588235408067703,0.15294118225574493,0.03529411926865578
